state,district,market,commodity,variety,grade,series_id,month,observations,median_modal_price,q25,q75
Gujarat,Ahmedabad,Ahmedabad,Tomato,Other,FAQ,7fba647c5b9bd675,2024-01,22,1350,1212.5,2112.5
Gujarat,Ahmedabad,Ahmedabad,Tomato,Other,FAQ,7fba647c5b9bd675,2024-02,24,2125,1850,2425
Gujarat,Ahmedabad,Ahmedabad,Tomato,Other,FAQ,7fba647c5b9bd675,2024-03,21,1550,1100,1650
Gujarat,Ahmedabad,Ahmedabad,Tomato,Other,FAQ,7fba647c5b9bd675,2024-04,19,1100,850,1200
Gujarat,Ahmedabad,Ahmedabad,Tomato,Other,FAQ,7fba647c5b9bd675,2024-05,24,1400,1225,1712.5
Gujarat,Ahmedabad,Ahmedabad,Tomato,Other,FAQ,7fba647c5b9bd675,2024-06,21,3250,2150,3850
Gujarat,Ahmedabad,Ahmedabad,Tomato,Other,FAQ,7fba647c5b9bd675,2024-07,26,5350,5112.5,6150
Gujarat,Ahmedabad,Ahmedabad,Tomato,Other,FAQ,7fba647c5b9bd675,2024-08,24,3050,2787.5,3300
Gujarat,Ahmedabad,Ahmedabad,Tomato,Other,FAQ,7fba647c5b9bd675,2024-09,20,3825,2300,4325
Gujarat,Ahmedabad,Ahmedabad,Tomato,Other,FAQ,7fba647c5b9bd675,2024-10,23,5750,4800,6325
Gujarat,Ahmedabad,Ahmedabad,Tomato,Other,FAQ,7fba647c5b9bd675,2024-11,23,3150,2975,3400
Gujarat,Ahmedabad,Ahmedabad,Tomato,Other,FAQ,7fba647c5b9bd675,2024-12,25,2900,2350,3650
Gujarat,Ahmedabad,Ahmedabad,Tomato,Other,FAQ,7fba647c5b9bd675,2025-01,25,1000,700,1400
Gujarat,Ahmedabad,Ahmedabad,Tomato,Other,FAQ,7fba647c5b9bd675,2025-02,22,550,500,600
Gujarat,Ahmedabad,Ahmedabad,Tomato,Other,FAQ,7fba647c5b9bd675,2025-03,24,425,400,462.5
Gujarat,Ahmedabad,Ahmedabad,Tomato,Other,FAQ,7fba647c5b9bd675,2025-04,22,650,531.25,787.5
Gujarat,Ahmedabad,Ahmedabad,Tomato,Other,FAQ,7fba647c5b9bd675,2025-05,27,1500,1350,1800
Gujarat,Ahmedabad,Ahmedabad,Tomato,Other,FAQ,7fba647c5b9bd675,2025-06,23,2550,2350,2700
Gujarat,Ahmedabad,Ahmedabad,Tomato,Other,FAQ,7fba647c5b9bd675,2025-07,27,3300,2700,3800
Gujarat,Ahmedabad,Ahmedabad,Tomato,Other,FAQ,7fba647c5b9bd675,2025-08,21,4450,3500,4850
Gujarat,Ahmedabad,Ahmedabad,Tomato,Other,FAQ,7fba647c5b9bd675,2025-09,25,2000,1500,2350
Gujarat,Ahmedabad,Ahmedabad,Tomato,Other,FAQ,7fba647c5b9bd675,2025-10,16,2075,1800,2175
Gujarat,Ahmedabad,Ahmedabad,Tomato,Other,FAQ,7fba647c5b9bd675,2025-11,1,1750,1750,1750
Gujarat,Ahmedabad,Ahmedabad (Chimanbhai Patal Market Vasana),Onion,Local,FAQ,cb877d1175b82ec1,2024-01,23,1650,1325,1775
Gujarat,Ahmedabad,Ahmedabad (Chimanbhai Patal Market Vasana),Onion,Local,FAQ,cb877d1175b82ec1,2024-02,24,1300,1250,1675
Gujarat,Ahmedabad,Ahmedabad (Chimanbhai Patal Market Vasana),Onion,Local,FAQ,cb877d1175b82ec1,2024-03,21,1700,1450,1800
Gujarat,Ahmedabad,Ahmedabad (Chimanbhai Patal Market Vasana),Onion,Local,FAQ,cb877d1175b82ec1,2024-04,18,1350,1350,1400
Gujarat,Ahmedabad,Ahmedabad (Chimanbhai Patal Market Vasana),Onion,Local,FAQ,cb877d1175b82ec1,2024-05,25,1450,1350,1550
Gujarat,Ahmedabad,Ahmedabad (Chimanbhai Patal Market Vasana),Onion,Local,FAQ,cb877d1175b82ec1,2024-06,21,2300,1800,2700
Gujarat,Ahmedabad,Ahmedabad (Chimanbhai Patal Market Vasana),Onion,Local,FAQ,cb877d1175b82ec1,2024-07,26,2750,2600,2750
Gujarat,Ahmedabad,Ahmedabad (Chimanbhai Patal Market Vasana),Onion,Local,FAQ,cb877d1175b82ec1,2024-08,24,3225,2750,3350
Gujarat,Ahmedabad,Ahmedabad (Chimanbhai Patal Market Vasana),Onion,Local,FAQ,cb877d1175b82ec1,2024-09,19,3950,3750,4125
Gujarat,Ahmedabad,Ahmedabad (Chimanbhai Patal Market Vasana),Onion,Local,FAQ,cb877d1175b82ec1,2024-10,23,3800,3675,4025
Gujarat,Ahmedabad,Ahmedabad (Chimanbhai Patal Market Vasana),Onion,Local,FAQ,cb877d1175b82ec1,2024-11,22,3700,3650,4100
Gujarat,Ahmedabad,Ahmedabad (Chimanbhai Patal Market Vasana),Onion,Local,FAQ,cb877d1175b82ec1,2024-12,26,3000,2250,3737.5
Gujarat,Ahmedabad,Ahmedabad (Chimanbhai Patal Market Vasana),Onion,Local,FAQ,cb877d1175b82ec1,2025-01,25,2250,2050,2300
Gujarat,Ahmedabad,Ahmedabad (Chimanbhai Patal Market Vasana),Onion,Local,FAQ,cb877d1175b82ec1,2025-02,22,2350,2250,2700
Gujarat,Ahmedabad,Ahmedabad (Chimanbhai Patal Market Vasana),Onion,Local,FAQ,cb877d1175b82ec1,2025-03,24,1625,1575,2100
Gujarat,Ahmedabad,Ahmedabad (Chimanbhai Patal Market Vasana),Onion,Local,FAQ,cb877d1175b82ec1,2025-04,23,1000,875,1250
Gujarat,Ahmedabad,Ahmedabad (Chimanbhai Patal Market Vasana),Onion,Local,FAQ,cb877d1175b82ec1,2025-05,27,850,850,900
Gujarat,Ahmedabad,Ahmedabad (Chimanbhai Patal Market Vasana),Onion,Local,FAQ,cb877d1175b82ec1,2025-06,18,925,850,1087.5
Gujarat,Ahmedabad,Ahmedabad (Chimanbhai Patal Market Vasana),Onion,Local,FAQ,cb877d1175b82ec1,2025-07,6,1175,1100,1250
Gujarat,Ahmedabad,Ahmedabad (Chimanbhai Patal Market Vasana),Onion,Local,FAQ,cb877d1175b82ec1,2025-08,4,1400,1287.5,1525
Gujarat,Ahmedabad,Ahmedabad (Chimanbhai Patal Market Vasana),Onion,Local,FAQ,cb877d1175b82ec1,2025-09,6,1050,887.5,1100
Gujarat,Ahmedabad,Ahmedabad (Chimanbhai Patal Market Vasana),Onion,Local,FAQ,cb877d1175b82ec1,2025-10,3,900,850,950
Gujarat,Ahmedabad,Ahmedabad (Chimanbhai Patal Market Vasana),Onion,Nasik,FAQ,2d0120628353ad55,2024-01,23,2150,2000,2200
Gujarat,Ahmedabad,Ahmedabad (Chimanbhai Patal Market Vasana),Onion,Nasik,FAQ,2d0120628353ad55,2024-02,24,1725,1600,2025
Gujarat,Ahmedabad,Ahmedabad (Chimanbhai Patal Market Vasana),Onion,Nasik,FAQ,2d0120628353ad55,2024-03,21,1900,1650,2100
Gujarat,Ahmedabad,Ahmedabad (Chimanbhai Patal Market Vasana),Onion,Nasik,FAQ,2d0120628353ad55,2024-04,18,1600,1550,1600
Gujarat,Ahmedabad,Ahmedabad (Chimanbhai Patal Market Vasana),Onion,Nasik,FAQ,2d0120628353ad55,2024-05,25,1850,1750,1950
Gujarat,Ahmedabad,Ahmedabad (Chimanbhai Patal Market Vasana),Onion,Nasik,FAQ,2d0120628353ad55,2024-06,21,2800,2450,2950
Gujarat,Ahmedabad,Ahmedabad (Chimanbhai Patal Market Vasana),Onion,Nasik,FAQ,2d0120628353ad55,2024-07,26,3025,2950,3050
Gujarat,Ahmedabad,Ahmedabad (Chimanbhai Patal Market Vasana),Onion,Nasik,FAQ,2d0120628353ad55,2024-08,24,3575,3187.5,3775
Gujarat,Ahmedabad,Ahmedabad (Chimanbhai Patal Market Vasana),Onion,Nasik,FAQ,2d0120628353ad55,2024-09,19,4500,4350,4850
Gujarat,Ahmedabad,Ahmedabad (Chimanbhai Patal Market Vasana),Onion,Nasik,FAQ,2d0120628353ad55,2024-10,23,4900,4750,4950
Gujarat,Ahmedabad,Ahmedabad (Chimanbhai Patal Market Vasana),Onion,Nasik,FAQ,2d0120628353ad55,2024-11,22,4750,4750,4962.5
Gujarat,Ahmedabad,Ahmedabad (Chimanbhai Patal Market Vasana),Onion,Nasik,FAQ,2d0120628353ad55,2024-12,26,3500,2712.5,4887.5
Gujarat,Ahmedabad,Ahmedabad (Chimanbhai Patal Market Vasana),Onion,Nasik,FAQ,2d0120628353ad55,2025-01,25,2750,2750,2800
Gujarat,Ahmedabad,Ahmedabad (Chimanbhai Patal Market Vasana),Onion,Nasik,FAQ,2d0120628353ad55,2025-02,21,3050,2850,3350
Gujarat,Ahmedabad,Ahmedabad (Chimanbhai Patal Market Vasana),Onion,Nasik,FAQ,2d0120628353ad55,2025-03,24,2100,1937.5,2562.5
Gujarat,Ahmedabad,Ahmedabad (Chimanbhai Patal Market Vasana),Onion,Nasik,FAQ,2d0120628353ad55,2025-04,23,1350,1250,1400
Gujarat,Ahmedabad,Ahmedabad (Chimanbhai Patal Market Vasana),Onion,Nasik,FAQ,2d0120628353ad55,2025-05,27,1300,1175,1325
Gujarat,Ahmedabad,Ahmedabad (Chimanbhai Patal Market Vasana),Onion,Nasik,FAQ,2d0120628353ad55,2025-06,23,1750,1550,1750
Gujarat,Ahmedabad,Ahmedabad (Chimanbhai Patal Market Vasana),Onion,Nasik,FAQ,2d0120628353ad55,2025-07,26,1550,1450,1600
Gujarat,Ahmedabad,Ahmedabad (Chimanbhai Patal Market Vasana),Onion,Nasik,FAQ,2d0120628353ad55,2025-08,20,1500,1450,1600
Gujarat,Ahmedabad,Ahmedabad (Chimanbhai Patal Market Vasana),Onion,Nasik,FAQ,2d0120628353ad55,2025-09,19,1400,1300,1450
Gujarat,Ahmedabad,Ahmedabad (Chimanbhai Patal Market Vasana),Onion,Nasik,FAQ,2d0120628353ad55,2025-10,13,1500,1450,1500
Gujarat,Ahmedabad,Ahmedabad (Chimanbhai Patal Market Vasana),Onion,Nasik,FAQ,2d0120628353ad55,2025-11,2,1600,1600,1600
Gujarat,Ahmedabad,Ahmedabad (Chimanbhai Patal Market Vasana),Potato,Chips,FAQ,34322af5d415b5c7,2024-01,22,1400,1400,1500
Gujarat,Ahmedabad,Ahmedabad (Chimanbhai Patal Market Vasana),Potato,Chips,FAQ,34322af5d415b5c7,2024-02,24,1550,1550,1650
Gujarat,Ahmedabad,Ahmedabad (Chimanbhai Patal Market Vasana),Potato,Chips,FAQ,34322af5d415b5c7,2024-03,19,1800,1650,1900
Gujarat,Ahmedabad,Ahmedabad (Chimanbhai Patal Market Vasana),Potato,Chips,FAQ,34322af5d415b5c7,2024-04,17,2400,2350,2450
Gujarat,Ahmedabad,Ahmedabad (Chimanbhai Patal Market Vasana),Potato,Chips,FAQ,34322af5d415b5c7,2024-05,16,2400,2287.5,2450
Gujarat,Ahmedabad,Ahmedabad (Chimanbhai Patal Market Vasana),Potato,Chips,FAQ,34322af5d415b5c7,2024-06,19,2500,2400,2575
Gujarat,Ahmedabad,Ahmedabad (Chimanbhai Patal Market Vasana),Potato,Chips,FAQ,34322af5d415b5c7,2024-07,26,2500,2500,2500
Gujarat,Ahmedabad,Ahmedabad (Chimanbhai Patal Market Vasana),Potato,Chips,FAQ,34322af5d415b5c7,2024-08,24,2500,2400,2500
Gujarat,Ahmedabad,Ahmedabad (Chimanbhai Patal Market Vasana),Potato,Chips,FAQ,34322af5d415b5c7,2024-09,19,2200,2100,2450
Gujarat,Ahmedabad,Ahmedabad (Chimanbhai Patal Market Vasana),Potato,Chips,FAQ,34322af5d415b5c7,2024-10,23,2950,2850,3250
Gujarat,Ahmedabad,Ahmedabad (Chimanbhai Patal Market Vasana),Potato,Chips,FAQ,34322af5d415b5c7,2024-11,22,3475,3275,3650
Gujarat,Ahmedabad,Ahmedabad (Chimanbhai Patal Market Vasana),Potato,Chips,FAQ,34322af5d415b5c7,2024-12,26,3250,3125,3387.5
Gujarat,Ahmedabad,Ahmedabad (Chimanbhai Patal Market Vasana),Potato,Chips,FAQ,34322af5d415b5c7,2025-01,24,2850,2612.5,3250
Gujarat,Ahmedabad,Ahmedabad (Chimanbhai Patal Market Vasana),Potato,Chips,FAQ,34322af5d415b5c7,2025-02,22,2175,1900,2337.5
Gujarat,Ahmedabad,Ahmedabad (Chimanbhai Patal Market Vasana),Potato,Chips,FAQ,34322af5d415b5c7,2025-03,24,1650,1587.5,1712.5
Gujarat,Ahmedabad,Ahmedabad (Chimanbhai Patal Market Vasana),Potato,Chips,FAQ,34322af5d415b5c7,2025-04,23,1900,1825,1900
Gujarat,Ahmedabad,Ahmedabad (Chimanbhai Patal Market Vasana),Potato,Chips,FAQ,34322af5d415b5c7,2025-05,27,1850,1850,1900
Gujarat,Ahmedabad,Ahmedabad (Chimanbhai Patal Market Vasana),Potato,Chips,FAQ,34322af5d415b5c7,2025-06,23,1900,1900,1950
Gujarat,Ahmedabad,Ahmedabad (Chimanbhai Patal Market Vasana),Potato,Chips,FAQ,34322af5d415b5c7,2025-07,27,1900,1850,1950
Gujarat,Ahmedabad,Ahmedabad (Chimanbhai Patal Market Vasana),Potato,Chips,FAQ,34322af5d415b5c7,2025-08,22,1700,1662.5,1750
Gujarat,Ahmedabad,Ahmedabad (Chimanbhai Patal Market Vasana),Potato,Chips,FAQ,34322af5d415b5c7,2025-09,22,1650,1612.5,1700
Gujarat,Ahmedabad,Ahmedabad (Chimanbhai Patal Market Vasana),Potato,Chips,FAQ,34322af5d415b5c7,2025-10,15,1700,1650,1725
Gujarat,Ahmedabad,Ahmedabad (Chimanbhai Patal Market Vasana),Potato,Chips,FAQ,34322af5d415b5c7,2025-11,1,1850,1850,1850
Gujarat,Ahmedabad,Ahmedabad (Chimanbhai Patal Market Vasana),Potato,Desi,FAQ,9e904855db9a5305,2024-01,23,1050,950,1200
Gujarat,Ahmedabad,Ahmedabad (Chimanbhai Patal Market Vasana),Potato,Desi,FAQ,9e904855db9a5305,2024-02,24,1050,987.5,1150
Gujarat,Ahmedabad,Ahmedabad (Chimanbhai Patal Market Vasana),Potato,Desi,FAQ,9e904855db9a5305,2024-03,21,1200,1100,1300
Gujarat,Ahmedabad,Ahmedabad (Chimanbhai Patal Market Vasana),Potato,Desi,FAQ,9e904855db9a5305,2024-04,18,2000,1950,2050
Gujarat,Ahmedabad,Ahmedabad (Chimanbhai Patal Market Vasana),Potato,Desi,FAQ,9e904855db9a5305,2024-05,25,1800,1800,1850
Gujarat,Ahmedabad,Ahmedabad (Chimanbhai Patal Market Vasana),Potato,Desi,FAQ,9e904855db9a5305,2024-06,21,2100,2050,2250
Gujarat,Ahmedabad,Ahmedabad (Chimanbhai Patal Market Vasana),Potato,Desi,FAQ,9e904855db9a5305,2024-07,26,2150,2100,2237.5
Gujarat,Ahmedabad,Ahmedabad (Chimanbhai Patal Market Vasana),Potato,Desi,FAQ,9e904855db9a5305,2024-08,24,2100,2050,2100
Gujarat,Ahmedabad,Ahmedabad (Chimanbhai Patal Market Vasana),Potato,Desi,FAQ,9e904855db9a5305,2024-09,19,2100,2050,2100
Gujarat,Ahmedabad,Ahmedabad (Chimanbhai Patal Market Vasana),Potato,Desi,FAQ,9e904855db9a5305,2024-10,23,2300,2150,2300
Gujarat,Ahmedabad,Ahmedabad (Chimanbhai Patal Market Vasana),Potato,Desi,FAQ,9e904855db9a5305,2024-11,22,2250,2062.5,2287.5
Gujarat,Ahmedabad,Ahmedabad (Chimanbhai Patal Market Vasana),Potato,Desi,FAQ,9e904855db9a5305,2024-12,26,2050,1800,2100
Gujarat,Ahmedabad,Ahmedabad (Chimanbhai Patal Market Vasana),Potato,Desi,FAQ,9e904855db9a5305,2025-01,25,1300,1100,1600
Gujarat,Ahmedabad,Ahmedabad (Chimanbhai Patal Market Vasana),Potato,Desi,FAQ,9e904855db9a5305,2025-02,22,1050,1012.5,1050
Gujarat,Ahmedabad,Ahmedabad (Chimanbhai Patal Market Vasana),Potato,Desi,FAQ,9e904855db9a5305,2025-03,24,925,850,1050
Gujarat,Ahmedabad,Ahmedabad (Chimanbhai Patal Market Vasana),Potato,Desi,FAQ,9e904855db9a5305,2025-04,23,1050,975,1050
Gujarat,Ahmedabad,Ahmedabad (Chimanbhai Patal Market Vasana),Potato,Desi,FAQ,9e904855db9a5305,2025-05,27,1150,1150,1200
Gujarat,Ahmedabad,Ahmedabad (Chimanbhai Patal Market Vasana),Potato,Desi,FAQ,9e904855db9a5305,2025-06,23,1150,1100,1150
Gujarat,Ahmedabad,Ahmedabad (Chimanbhai Patal Market Vasana),Potato,Desi,FAQ,9e904855db9a5305,2025-07,25,1075,1050,1100
Gujarat,Ahmedabad,Ahmedabad (Chimanbhai Patal Market Vasana),Potato,Desi,FAQ,9e904855db9a5305,2025-08,22,1050,1000,1050
Gujarat,Ahmedabad,Ahmedabad (Chimanbhai Patal Market Vasana),Potato,Desi,FAQ,9e904855db9a5305,2025-09,24,1100,1050,1150
Gujarat,Ahmedabad,Ahmedabad (Chimanbhai Patal Market Vasana),Potato,Desi,FAQ,9e904855db9a5305,2025-10,12,1275,1200,1375
Gujarat,Ahmedabad,Ahmedabad (Chimanbhai Patal Market Vasana),Potato,Desi,Non-FAQ,1537463885ce25c7,2025-07,1,1150,1150,1150
Gujarat,Ahmedabad,Ahmedabad (Chimanbhai Patal Market Vasana),Potato,Jalander,FAQ,cb71fcf3b313cb69,2024-01,22,750,750,850
Gujarat,Ahmedabad,Ahmedabad (Chimanbhai Patal Market Vasana),Potato,Jalander,FAQ,cb71fcf3b313cb69,2024-02,24,750,650,750
Gujarat,Ahmedabad,Ahmedabad (Chimanbhai Patal Market Vasana),Potato,Jalander,FAQ,cb71fcf3b313cb69,2024-03,12,750,750,1312.5
Gujarat,Ahmedabad,Ahmedabad (Chimanbhai Patal Market Vasana),Potato,Jalander,FAQ,cb71fcf3b313cb69,2024-04,18,1675,1550,1850
Gujarat,Ahmedabad,Ahmedabad (Chimanbhai Patal Market Vasana),Potato,Jalander,FAQ,cb71fcf3b313cb69,2024-05,6,1600,1600,1675
Gujarat,Ahmedabad,Ahmedabad (Chimanbhai Patal Market Vasana),Potato,Jalander,FAQ,cb71fcf3b313cb69,2024-06,6,1700,1625,1737.5
Gujarat,Ahmedabad,Ahmedabad (Chimanbhai Patal Market Vasana),Potato,Jalander,FAQ,cb71fcf3b313cb69,2024-11,19,2850,2350,2925
Gujarat,Ahmedabad,Ahmedabad (Chimanbhai Patal Market Vasana),Potato,Jalander,FAQ,cb71fcf3b313cb69,2024-12,26,1900,1850,2200
Gujarat,Ahmedabad,Ahmedabad (Chimanbhai Patal Market Vasana),Potato,Jalander,FAQ,cb71fcf3b313cb69,2025-01,20,1200,987.5,1462.5
Gujarat,Ahmedabad,Ahmedabad (Chimanbhai Patal Market Vasana),Potato,Jalander,FAQ,cb71fcf3b313cb69,2025-02,3,750,700,800
Gujarat,Ahmedabad,Ahmedabad (Chimanbhai Patal Market Vasana),Potato,Jalander,FAQ,cb71fcf3b313cb69,2025-03,2,900,875,925
Gujarat,Ahmedabad,Ahmedabad (Chimanbhai Patal Market Vasana),Potato,Jalander,FAQ,cb71fcf3b313cb69,2025-04,7,825,750,850
Gujarat,Ahmedabad,Ahmedabad (Chimanbhai Patal Market Vasana),Potato,Jalander,FAQ,cb71fcf3b313cb69,2025-05,16,750,750,806.25
Gujarat,Ahmedabad,Ahmedabad (Chimanbhai Patal Market Vasana),Potato,Jalander,FAQ,cb71fcf3b313cb69,2025-06,2,750,750,750
Gujarat,Ahmedabad,Ahmedabad (Chimanbhai Patal Market Vasana),Potato,Other,FAQ,a382236e35a14abc,2024-01,22,1575,1400,1650
Gujarat,Ahmedabad,Ahmedabad (Chimanbhai Patal Market Vasana),Potato,Other,FAQ,a382236e35a14abc,2024-02,5,1050,850,1050
Gujarat,Ahmedabad,Ahmedabad (Chimanbhai Patal Market Vasana),Potato,Other,FAQ,a382236e35a14abc,2024-03,2,1900,1875,1925
Gujarat,Ahmedabad,Ahmedabad (Chimanbhai Patal Market Vasana),Potato,Other,FAQ,a382236e35a14abc,2024-04,7,1950,1650,2375
Gujarat,Ahmedabad,Ahmedabad (Chimanbhai Patal Market Vasana),Potato,Other,FAQ,a382236e35a14abc,2024-05,15,2250,2200,2250
Gujarat,Ahmedabad,Ahmedabad (Chimanbhai Patal Market Vasana),Potato,Other,FAQ,a382236e35a14abc,2024-06,21,2400,2350,2500
Gujarat,Ahmedabad,Ahmedabad (Chimanbhai Patal Market Vasana),Potato,Other,FAQ,a382236e35a14abc,2024-07,6,2550,2400,2550
Gujarat,Ahmedabad,Ahmedabad (Chimanbhai Patal Market Vasana),Potato,Other,FAQ,a382236e35a14abc,2024-08,3,2500,2500,2525
Gujarat,Ahmedabad,Ahmedabad (Chimanbhai Patal Market Vasana),Potato,Other,FAQ,a382236e35a14abc,2024-09,6,2575,2550,2675
Gujarat,Ahmedabad,Ahmedabad (Chimanbhai Patal Market Vasana),Potato,Other,FAQ,a382236e35a14abc,2024-10,23,2550,2425,2600
Gujarat,Ahmedabad,Ahmedabad (Chimanbhai Patal Market Vasana),Potato,Other,FAQ,a382236e35a14abc,2024-11,22,2450,2350,2450
Gujarat,Ahmedabad,Ahmedabad (Chimanbhai Patal Market Vasana),Potato,Other,FAQ,a382236e35a14abc,2024-12,26,2150,2050,2337.5
Gujarat,Ahmedabad,Ahmedabad (Chimanbhai Patal Market Vasana),Potato,Other,FAQ,a382236e35a14abc,2025-01,25,1900,1600,2050
Gujarat,Ahmedabad,Ahmedabad (Chimanbhai Patal Market Vasana),Potato,Other,FAQ,a382236e35a14abc,2025-02,3,1100,1100,1150
Gujarat,Ahmedabad,Ahmedabad (Chimanbhai Patal Market Vasana),Potato,Other,FAQ,a382236e35a14abc,2025-03,1,1350,1350,1350
Gujarat,Ahmedabad,Ahmedabad (Chimanbhai Patal Market Vasana),Potato,Other,FAQ,a382236e35a14abc,2025-05,1,1350,1350,1350
Gujarat,Ahmedabad,Ahmedabad (Chimanbhai Patal Market Vasana),Potato,Other,FAQ,a382236e35a14abc,2025-06,4,1325,1250,1350
Gujarat,Ahmedabad,Ahmedabad (Chimanbhai Patal Market Vasana),Potato,Other,FAQ,a382236e35a14abc,2025-09,6,1350,1275,1387.5
Gujarat,Ahmedabad,Ahmedabad (Chimanbhai Patal Market Vasana),Potato,Other,FAQ,a382236e35a14abc,2025-10,8,1400,1387.5,1412.5
Gujarat,Ahmedabad,Ahmedabad (Chimanbhai Patal Market Vasana),Potato,Other,FAQ,a382236e35a14abc,2025-11,2,1700,1700,1700
Gujarat,Ahmedabad,Ahmedabad (Chimanbhai Patal Market Vasana) APMC,Onion,Local,FAQ,f176db0db47d6d1b,2025-12,4,1575,1175,1750
Gujarat,Ahmedabad,Ahmedabad (Chimanbhai Patal Market Vasana) APMC,Onion,Nasik,FAQ,4b731fe3662e6b03,2025-12,10,2025,1800,2400
Gujarat,Ahmedabad,Ahmedabad (Chimanbhai Patal Market Vasana) APMC,Onion,Other,FAQ,f80516686f55944c,2025-12,5,1100,1000,1300
Gujarat,Ahmedabad,Ahmedabad (Chimanbhai Patal Market Vasana) APMC,Potato,Chips,FAQ,94932c9c4589eaac,2025-12,9,1950,1900,2200
Gujarat,Ahmedabad,Ahmedabad (Chimanbhai Patal Market Vasana) APMC,Potato,Desi,FAQ,be48071863fb626b,2025-12,5,1300,1300,1350
Gujarat,Ahmedabad,Ahmedabad (Chimanbhai Patal Market Vasana) APMC,Potato,Jalander,FAQ,9695e1d7620e25cb,2025-12,10,1100,962.5,1200
Gujarat,Ahmedabad,Ahmedabad (Chimanbhai Patal Market Vasana) APMC,Potato,Other,FAQ,740b2e7663ab44da,2025-12,5,1150,1100,1150
Gujarat,Ahmedabad,Ahmedabad APMC,Tomato,Other,FAQ,4b509655d5d8cb88,2025-12,7,3750,2675,4175
Gujarat,Amreli,Damnagar,Tomato,Local,FAQ,c0ceea0f0a64b776,2024-01,25,750,650,1000
Gujarat,Amreli,Damnagar,Tomato,Local,FAQ,c0ceea0f0a64b776,2024-02,24,2200,1687.5,2350
Gujarat,Amreli,Damnagar,Tomato,Local,FAQ,c0ceea0f0a64b776,2024-03,27,2850,2200,3800
Gujarat,Amreli,Damnagar,Tomato,Local,FAQ,c0ceea0f0a64b776,2024-04,19,2900,2375,3550
Gujarat,Amreli,Damnagar,Tomato,Local,FAQ,c0ceea0f0a64b776,2024-05,23,2200,2000,2450
Gujarat,Amreli,Damnagar,Tomato,Local,FAQ,c0ceea0f0a64b776,2024-06,25,4950,2200,7800
Gujarat,Amreli,Damnagar,Tomato,Local,FAQ,c0ceea0f0a64b776,2024-07,28,7100,5837.5,8012.5
Gujarat,Amreli,Damnagar,Tomato,Local,FAQ,c0ceea0f0a64b776,2024-08,26,3825,3062.5,4837.5
Gujarat,Amreli,Damnagar,Tomato,Local,FAQ,c0ceea0f0a64b776,2024-09,27,3550,2775,4300
Gujarat,Amreli,Damnagar,Tomato,Local,FAQ,c0ceea0f0a64b776,2024-10,28,6475,5100,7200
Gujarat,Amreli,Damnagar,Tomato,Local,FAQ,c0ceea0f0a64b776,2024-11,23,3200,2850,4025
Gujarat,Amreli,Damnagar,Tomato,Local,FAQ,c0ceea0f0a64b776,2024-12,28,2800,2200,3762.5
Gujarat,Amreli,Damnagar,Tomato,Local,FAQ,c0ceea0f0a64b776,2025-01,25,700,400,1200
Gujarat,Amreli,Damnagar,Tomato,Local,FAQ,c0ceea0f0a64b776,2025-02,15,450,350,675
Gujarat,Amreli,Damnagar,Tomato,Local,FAQ,c0ceea0f0a64b776,2025-03,1,1000,1000,1000
Gujarat,Amreli,Damnagar,Tomato,Local,Non-FAQ,e497eabd0f00211c,2025-02,9,600,400,750
Gujarat,Amreli,Damnagar,Tomato,Local,Non-FAQ,e497eabd0f00211c,2025-03,27,800,700,1150
Gujarat,Amreli,Damnagar,Tomato,Local,Non-FAQ,e497eabd0f00211c,2025-04,27,1200,925,2025
Gujarat,Amreli,Damnagar,Tomato,Local,Non-FAQ,e497eabd0f00211c,2025-05,29,2200,1800,3000
Gujarat,Amreli,Damnagar,Tomato,Local,Non-FAQ,e497eabd0f00211c,2025-06,27,3700,3150,4200
Gujarat,Amreli,Damnagar,Tomato,Local,Non-FAQ,e497eabd0f00211c,2025-07,28,3800,3200,4500
Gujarat,Amreli,Damnagar,Tomato,Local,Non-FAQ,e497eabd0f00211c,2025-08,22,4050,3800,4800
Gujarat,Amreli,Damnagar,Tomato,Local,Non-FAQ,e497eabd0f00211c,2025-09,22,1925,1625,2200
Gujarat,Amreli,Damnagar,Tomato,Local,Non-FAQ,e497eabd0f00211c,2025-10,19,2550,2200,3200
Gujarat,Amreli,Damnagar,Tomato,Local,Non-FAQ,e497eabd0f00211c,2025-11,1,2500,2500,2500
Gujarat,Amreli,Damnagar APMC,Tomato,Local,Local,9a6cd2c4ed9acebe,2025-12,12,2800,2500,3000
Gujarat,Anand,"Anand (Veg,Yard,Anand)",Onion,Onion,FAQ,2dcf34847467d26c,2024-01,24,2400,2250,2700
Gujarat,Anand,"Anand (Veg,Yard,Anand)",Onion,Onion,FAQ,2dcf34847467d26c,2024-02,25,1750,1700,2300
Gujarat,Anand,"Anand (Veg,Yard,Anand)",Onion,Onion,FAQ,2dcf34847467d26c,2024-03,22,2250,1700,2250
Gujarat,Anand,"Anand (Veg,Yard,Anand)",Onion,Onion,FAQ,2dcf34847467d26c,2024-04,23,1800,1800,1800
Gujarat,Anand,"Anand (Veg,Yard,Anand)",Onion,Onion,FAQ,2dcf34847467d26c,2024-05,21,1700,1700,1900
Gujarat,Anand,"Anand (Veg,Yard,Anand)",Onion,Onion,FAQ,2dcf34847467d26c,2024-06,24,2250,2250,2400
Gujarat,Anand,"Anand (Veg,Yard,Anand)",Onion,Onion,FAQ,2dcf34847467d26c,2024-07,24,2250,2250,2287.5
Gujarat,Anand,"Anand (Veg,Yard,Anand)",Onion,Onion,FAQ,2dcf34847467d26c,2024-08,23,2300,2250,2400
Gujarat,Anand,"Anand (Veg,Yard,Anand)",Onion,Onion,FAQ,2dcf34847467d26c,2024-09,18,2700,2400,2800
Gujarat,Anand,"Anand (Veg,Yard,Anand)",Onion,Onion,FAQ,2dcf34847467d26c,2024-10,24,3000,2800,3250
Gujarat,Anand,"Anand (Veg,Yard,Anand)",Onion,Onion,FAQ,2dcf34847467d26c,2024-11,17,3000,2500,3500
Gujarat,Anand,"Anand (Veg,Yard,Anand)",Onion,Onion,FAQ,2dcf34847467d26c,2024-12,22,2775,1812.5,3000
Gujarat,Anand,"Anand (Veg,Yard,Anand)",Onion,Onion,FAQ,2dcf34847467d26c,2025-01,20,2000,2000,2250
Gujarat,Anand,"Anand (Veg,Yard,Anand)",Onion,Onion,FAQ,2dcf34847467d26c,2025-02,24,2000,2000,2500
Gujarat,Anand,"Anand (Veg,Yard,Anand)",Onion,Onion,FAQ,2dcf34847467d26c,2025-03,23,1500,1500,2100
Gujarat,Anand,"Anand (Veg,Yard,Anand)",Onion,Onion,FAQ,2dcf34847467d26c,2025-04,23,1250,1250,1500
Gujarat,Anand,"Anand (Veg,Yard,Anand)",Onion,Onion,FAQ,2dcf34847467d26c,2025-05,20,1250,1093.75,1250
Gujarat,Anand,"Anand (Veg,Yard,Anand)",Onion,Onion,FAQ,2dcf34847467d26c,2025-06,19,1000,937.5,1187.5
Gujarat,Anand,"Anand (Veg,Yard,Anand)",Onion,Onion,FAQ,2dcf34847467d26c,2025-07,23,1450,1375,1625
Gujarat,Anand,"Anand (Veg,Yard,Anand)",Onion,Onion,FAQ,2dcf34847467d26c,2025-08,19,1750,1625,1750
Gujarat,Anand,"Anand (Veg,Yard,Anand)",Onion,Onion,FAQ,2dcf34847467d26c,2025-09,16,1500,1250,1750
Gujarat,Anand,"Anand (Veg,Yard,Anand)",Onion,Onion,FAQ,2dcf34847467d26c,2025-10,13,1375,1250,1500
Gujarat,Anand,"Anand (Veg,Yard,Anand)",Onion,Onion,FAQ,2dcf34847467d26c,2025-11,1,1250,1250,1250
Gujarat,Anand,"Anand (Veg,Yard,Anand)",Potato,Potato,FAQ,24d2203735d1abb9,2024-01,24,1100,1100,1100
Gujarat,Anand,"Anand (Veg,Yard,Anand)",Potato,Potato,FAQ,24d2203735d1abb9,2024-02,25,1300,1100,1400
Gujarat,Anand,"Anand (Veg,Yard,Anand)",Potato,Potato,FAQ,24d2203735d1abb9,2024-03,22,1300,1250,1400
Gujarat,Anand,"Anand (Veg,Yard,Anand)",Potato,Potato,FAQ,24d2203735d1abb9,2024-04,23,2150,1850,2350
Gujarat,Anand,"Anand (Veg,Yard,Anand)",Potato,Potato,FAQ,24d2203735d1abb9,2024-05,22,2275,2250,2300
Gujarat,Anand,"Anand (Veg,Yard,Anand)",Potato,Potato,FAQ,24d2203735d1abb9,2024-06,24,2250,2250,2250
Gujarat,Anand,"Anand (Veg,Yard,Anand)",Potato,Potato,FAQ,24d2203735d1abb9,2024-07,24,2600,2362.5,2600
Gujarat,Anand,"Anand (Veg,Yard,Anand)",Potato,Potato,FAQ,24d2203735d1abb9,2024-08,24,2250,2250,2500
Gujarat,Anand,"Anand (Veg,Yard,Anand)",Potato,Potato,FAQ,24d2203735d1abb9,2024-09,17,2400,2350,2500
Gujarat,Anand,"Anand (Veg,Yard,Anand)",Potato,Potato,FAQ,24d2203735d1abb9,2024-10,25,2400,2250,2750
Gujarat,Anand,"Anand (Veg,Yard,Anand)",Potato,Potato,FAQ,24d2203735d1abb9,2024-11,18,2800,2800,2950
Gujarat,Anand,"Anand (Veg,Yard,Anand)",Potato,Potato,FAQ,24d2203735d1abb9,2024-12,23,2750,1750,2750
Gujarat,Anand,"Anand (Veg,Yard,Anand)",Potato,Potato,FAQ,24d2203735d1abb9,2025-01,20,1725,1500,1800
Gujarat,Anand,"Anand (Veg,Yard,Anand)",Potato,Potato,FAQ,24d2203735d1abb9,2025-02,24,1150,1075,1250
Gujarat,Anand,"Anand (Veg,Yard,Anand)",Potato,Potato,FAQ,24d2203735d1abb9,2025-03,22,1000,925,1000
Gujarat,Anand,"Anand (Veg,Yard,Anand)",Potato,Potato,FAQ,24d2203735d1abb9,2025-04,23,1000,950,1000
Gujarat,Anand,"Anand (Veg,Yard,Anand)",Potato,Potato,FAQ,24d2203735d1abb9,2025-05,20,1125,1000,1131.25
Gujarat,Anand,"Anand (Veg,Yard,Anand)",Potato,Potato,FAQ,24d2203735d1abb9,2025-06,18,1062.5,1000,1125
Gujarat,Anand,"Anand (Veg,Yard,Anand)",Potato,Potato,FAQ,24d2203735d1abb9,2025-07,22,1375,1250,1375
Gujarat,Anand,"Anand (Veg,Yard,Anand)",Potato,Potato,FAQ,24d2203735d1abb9,2025-08,21,1375,1375,1375
Gujarat,Anand,"Anand (Veg,Yard,Anand)",Potato,Potato,FAQ,24d2203735d1abb9,2025-09,16,1250,1250,1375
Gujarat,Anand,"Anand (Veg,Yard,Anand)",Potato,Potato,FAQ,24d2203735d1abb9,2025-10,8,1250,1250,1250
Gujarat,Anand,"Anand (Veg,Yard,Anand)",Potato,Potato,FAQ,24d2203735d1abb9,2025-11,2,1625,1625,1625
Gujarat,Anand,"Anand (Veg,Yard,Anand)",Tomato,Other,FAQ,e4c9aff8bc9635cb,2024-01,23,1400,1175,1800
Gujarat,Anand,"Anand (Veg,Yard,Anand)",Tomato,Other,FAQ,e4c9aff8bc9635cb,2024-02,25,1250,1100,1700
Gujarat,Anand,"Anand (Veg,Yard,Anand)",Tomato,Other,FAQ,e4c9aff8bc9635cb,2024-03,22,800,600,800
Gujarat,Anand,"Anand (Veg,Yard,Anand)",Tomato,Other,FAQ,e4c9aff8bc9635cb,2024-04,23,800,600,1250
Gujarat,Anand,"Anand (Veg,Yard,Anand)",Tomato,Other,FAQ,e4c9aff8bc9635cb,2024-05,22,1300,1212.5,1675
Gujarat,Anand,"Anand (Veg,Yard,Anand)",Tomato,Other,FAQ,e4c9aff8bc9635cb,2024-06,24,2325,1800,3200
Gujarat,Anand,"Anand (Veg,Yard,Anand)",Tomato,Other,FAQ,e4c9aff8bc9635cb,2024-07,24,4450,3750,5062.5
Gujarat,Anand,"Anand (Veg,Yard,Anand)",Tomato,Other,FAQ,e4c9aff8bc9635cb,2024-08,24,2500,2250,2850
Gujarat,Anand,"Anand (Veg,Yard,Anand)",Tomato,Other,FAQ,e4c9aff8bc9635cb,2024-09,17,2250,2150,2750
Gujarat,Anand,"Anand (Veg,Yard,Anand)",Tomato,Other,FAQ,e4c9aff8bc9635cb,2024-10,25,4000,2750,4250
Gujarat,Anand,"Anand (Veg,Yard,Anand)",Tomato,Other,FAQ,e4c9aff8bc9635cb,2024-11,18,2450,2212.5,2650
Gujarat,Anand,"Anand (Veg,Yard,Anand)",Tomato,Other,FAQ,e4c9aff8bc9635cb,2024-12,23,2250,1800,2800
Gujarat,Anand,"Anand (Veg,Yard,Anand)",Tomato,Other,FAQ,e4c9aff8bc9635cb,2025-01,19,600,475,900
Gujarat,Anand,"Anand (Veg,Yard,Anand)",Tomato,Other,FAQ,e4c9aff8bc9635cb,2025-02,24,375,337.5,400
Gujarat,Anand,"Anand (Veg,Yard,Anand)",Tomato,Other,FAQ,e4c9aff8bc9635cb,2025-03,22,250,250,350
Gujarat,Anand,"Anand (Veg,Yard,Anand)",Tomato,Other,FAQ,e4c9aff8bc9635cb,2025-04,23,450,350,612.5
Gujarat,Anand,"Anand (Veg,Yard,Anand)",Tomato,Other,FAQ,e4c9aff8bc9635cb,2025-05,19,1250,1000,1250
Gujarat,Anand,"Anand (Veg,Yard,Anand)",Tomato,Other,FAQ,e4c9aff8bc9635cb,2025-06,18,1500,1031.25,1750
Gujarat,Anand,"Anand (Veg,Yard,Anand)",Tomato,Other,FAQ,e4c9aff8bc9635cb,2025-07,17,2250,1750,2750
Gujarat,Anand,"Anand (Veg,Yard,Anand)",Tomato,Other,FAQ,e4c9aff8bc9635cb,2025-08,21,3500,2500,4000
Gujarat,Anand,"Anand (Veg,Yard,Anand)",Tomato,Other,FAQ,e4c9aff8bc9635cb,2025-09,20,1625,1250,2000
Gujarat,Anand,"Anand (Veg,Yard,Anand)",Tomato,Other,FAQ,e4c9aff8bc9635cb,2025-10,11,1500,1250,1625
Gujarat,Anand,"Anand (Veg,Yard,Anand)",Tomato,Other,FAQ,e4c9aff8bc9635cb,2025-11,2,1250,1250,1250
Gujarat,Anand,"Anand (Veg,Yard,Anand) APMC",Onion,Onion,Grade A,4482fe374769d31f,2025-12,1,1125,1125,1125
Gujarat,Anand,"Anand (Veg,Yard,Anand) APMC",Onion,Onion,Grade B,76cf86a9ea231296,2025-12,4,1125,1125,1125
Gujarat,Anand,"Anand (Veg,Yard,Anand) APMC",Potato,Potato,Grade A,c81fd647f046d81d,2025-12,1,1750,1750,1750
Gujarat,Anand,"Anand (Veg,Yard,Anand) APMC",Potato,Potato,Grade B,e49f56edb3f350eb,2025-12,5,1750,1250,1750
Gujarat,Anand,"Anand (Veg,Yard,Anand) APMC",Tomato,Tomato,Grade A,0313a9678a645379,2025-12,2,3125,2687.5,3562.5
Gujarat,Anand,"Anand (Veg,Yard,Anand) APMC",Tomato,Tomato,Grade B,2008bd3a5dd0cf53,2025-12,1,3000,3000,3000
Gujarat,Anand,Khambhat (Veg Yard Khambhat),Onion,Other,FAQ,f5cf59807999d88a,2024-07,16,3175,2962.5,3412.5
Gujarat,Anand,Khambhat (Veg Yard Khambhat),Onion,Other,FAQ,f5cf59807999d88a,2024-08,27,3300,2925,3500
Gujarat,Anand,Khambhat (Veg Yard Khambhat),Onion,Other,FAQ,f5cf59807999d88a,2024-09,22,4275,4100,4400
Gujarat,Anand,Khambhat (Veg Yard Khambhat),Onion,Other,FAQ,f5cf59807999d88a,2024-10,25,4500,4350,4500
Gujarat,Anand,Khambhat (Veg Yard Khambhat),Onion,Other,FAQ,f5cf59807999d88a,2024-11,24,4100,3250,4650
Gujarat,Anand,Khambhat (Veg Yard Khambhat),Onion,Other,FAQ,f5cf59807999d88a,2024-12,24,2975,2250,3512.5
Gujarat,Anand,Khambhat (Veg Yard Khambhat),Onion,Other,FAQ,f5cf59807999d88a,2025-01,20,2600,2300,2650
Gujarat,Anand,Khambhat (Veg Yard Khambhat),Onion,Other,FAQ,f5cf59807999d88a,2025-02,22,3100,2300,3300
Gujarat,Anand,Khambhat (Veg Yard Khambhat),Onion,Other,FAQ,f5cf59807999d88a,2025-03,19,2400,2100,2500
Gujarat,Anand,Khambhat (Veg Yard Khambhat),Onion,Other,FAQ,f5cf59807999d88a,2025-04,20,1550,1400,2000
Gujarat,Anand,Khambhat (Veg Yard Khambhat),Onion,Other,FAQ,f5cf59807999d88a,2025-05,25,1600,1400,1600
Gujarat,Anand,Khambhat (Veg Yard Khambhat),Onion,Other,FAQ,f5cf59807999d88a,2025-06,22,1750,1600,2000
Gujarat,Anand,Khambhat (Veg Yard Khambhat),Onion,Other,FAQ,f5cf59807999d88a,2025-07,25,1800,1700,1800
Gujarat,Anand,Khambhat (Veg Yard Khambhat),Onion,Other,FAQ,f5cf59807999d88a,2025-08,26,1800,1725,2000
Gujarat,Anand,Khambhat (Veg Yard Khambhat),Onion,Other,FAQ,f5cf59807999d88a,2025-09,19,1600,1500,1750
Gujarat,Anand,Khambhat (Veg Yard Khambhat),Onion,Other,FAQ,f5cf59807999d88a,2025-10,15,2000,2000,2000
Gujarat,Anand,Khambhat (Veg Yard Khambhat),Onion,Other,Non-FAQ,60b5b248bd5dccc7,2025-03,1,2600,2600,2600
Gujarat,Anand,Khambhat (Veg Yard Khambhat),Onion,Other,Non-FAQ,60b5b248bd5dccc7,2025-04,1,2000,2000,2000
Gujarat,Anand,Khambhat (Veg Yard Khambhat),Potato,Other,FAQ,bab1c04fdb71c6ed,2024-07,16,2650,2475,2750
Gujarat,Anand,Khambhat (Veg Yard Khambhat),Potato,Other,FAQ,bab1c04fdb71c6ed,2024-08,27,2800,2700,2950
Gujarat,Anand,Khambhat (Veg Yard Khambhat),Potato,Other,FAQ,bab1c04fdb71c6ed,2024-09,22,2750,2750,2787.5
Gujarat,Anand,Khambhat (Veg Yard Khambhat),Potato,Other,FAQ,bab1c04fdb71c6ed,2024-10,25,3000,2900,3100
Gujarat,Anand,Khambhat (Veg Yard Khambhat),Potato,Other,FAQ,bab1c04fdb71c6ed,2024-11,24,3100,2900,3250
Gujarat,Anand,Khambhat (Veg Yard Khambhat),Potato,Other,FAQ,bab1c04fdb71c6ed,2024-12,24,2525,2150,2750
Gujarat,Anand,Khambhat (Veg Yard Khambhat),Potato,Other,FAQ,bab1c04fdb71c6ed,2025-01,20,1550,1550,1925
Gujarat,Anand,Khambhat (Veg Yard Khambhat),Potato,Other,FAQ,bab1c04fdb71c6ed,2025-02,22,1325,1300,1500
Gujarat,Anand,Khambhat (Veg Yard Khambhat),Potato,Other,FAQ,bab1c04fdb71c6ed,2025-03,20,1100,1000,1200
Gujarat,Anand,Khambhat (Veg Yard Khambhat),Potato,Other,FAQ,bab1c04fdb71c6ed,2025-04,21,1500,1200,1600
Gujarat,Anand,Khambhat (Veg Yard Khambhat),Potato,Other,FAQ,bab1c04fdb71c6ed,2025-05,25,1500,1300,1600
Gujarat,Anand,Khambhat (Veg Yard Khambhat),Potato,Other,FAQ,bab1c04fdb71c6ed,2025-06,22,1600,1500,1675
Gujarat,Anand,Khambhat (Veg Yard Khambhat),Potato,Other,FAQ,bab1c04fdb71c6ed,2025-07,25,1700,1600,1700
Gujarat,Anand,Khambhat (Veg Yard Khambhat),Potato,Other,FAQ,bab1c04fdb71c6ed,2025-08,26,1500,1400,1600
Gujarat,Anand,Khambhat (Veg Yard Khambhat),Potato,Other,FAQ,bab1c04fdb71c6ed,2025-09,20,1600,1500,1700
Gujarat,Anand,Khambhat (Veg Yard Khambhat),Potato,Other,FAQ,bab1c04fdb71c6ed,2025-10,11,1600,1500,1750
Gujarat,Anand,Khambhat (Veg Yard Khambhat),Tomato,Other,FAQ,5b4009e6e53b32a2,2024-10,5,3750,3250,3750
Gujarat,Anand,Khambhat (Veg Yard Khambhat),Tomato,Other,FAQ,5b4009e6e53b32a2,2024-11,20,3250,2750,3750
Gujarat,Anand,Khambhat (Veg Yard Khambhat),Tomato,Other,FAQ,5b4009e6e53b32a2,2024-12,23,3000,2750,3000
Gujarat,Anand,Khambhat (Veg Yard Khambhat),Tomato,Other,FAQ,5b4009e6e53b32a2,2025-01,16,1450,1000,2000
Gujarat,Anand,Khambhat (Veg Yard Khambhat),Tomato,Other,FAQ,5b4009e6e53b32a2,2025-02,22,650,600,1125
Gujarat,Anand,Khambhat (Veg Yard Khambhat),Tomato,Other,FAQ,5b4009e6e53b32a2,2025-03,19,500,450,800
Gujarat,Anand,Khambhat (Veg Yard Khambhat),Tomato,Other,FAQ,5b4009e6e53b32a2,2025-04,20,600,500,800
Gujarat,Anand,Khambhat (Veg Yard Khambhat),Tomato,Other,FAQ,5b4009e6e53b32a2,2025-05,24,2000,1225,2275
Gujarat,Anand,Khambhat (Veg Yard Khambhat),Tomato,Other,FAQ,5b4009e6e53b32a2,2025-06,21,2500,2500,3000
Gujarat,Anand,Khambhat (Veg Yard Khambhat),Tomato,Other,FAQ,5b4009e6e53b32a2,2025-07,25,3800,3000,4000
Gujarat,Anand,Khambhat (Veg Yard Khambhat),Tomato,Other,FAQ,5b4009e6e53b32a2,2025-08,25,4800,4500,5200
Gujarat,Anand,Khambhat (Veg Yard Khambhat),Tomato,Other,FAQ,5b4009e6e53b32a2,2025-09,21,2800,2500,3000
Gujarat,Anand,Khambhat (Veg Yard Khambhat),Tomato,Other,FAQ,5b4009e6e53b32a2,2025-10,19,2500,2200,2500
Gujarat,Anand,Khambhat (Veg Yard Khambhat),Tomato,Other,FAQ,5b4009e6e53b32a2,2025-11,1,2000,2000,2000
Gujarat,Anand,Khambhat (Veg Yard Khambhat),Tomato,Other,Non-FAQ,ef1f76064204ac53,2025-08,1,4000,4000,4000
Gujarat,Anand,Khambhat (Veg Yard Khambhat) APMC,Onion,Other,Local,bda984d110819b2f,2025-12,2,1750,1525,1975
Gujarat,Anand,Khambhat (Veg Yard Khambhat) APMC,Potato,Desi,Local,5678d6d1e97a867e,2025-12,5,1400,1300,1400
Gujarat,Anand,Khambhat (Veg Yard Khambhat) APMC,Tomato,Other,Local,8230525e802c405f,2025-12,5,3500,2800,4000
Gujarat,Banaskanth,Deesa (Deesa Veg Yard),Onion,Other,FAQ,2801688594a24f8e,2024-01,20,1875,1843.75,1906.25
Gujarat,Banaskanth,Deesa (Deesa Veg Yard),Onion,Other,FAQ,2801688594a24f8e,2024-02,24,1425,1400,1456.25
Gujarat,Banaskanth,Deesa (Deesa Veg Yard),Onion,Other,FAQ,2801688594a24f8e,2024-03,22,2087.5,1925,2200
Gujarat,Banaskanth,Deesa (Deesa Veg Yard),Onion,Other,FAQ,2801688594a24f8e,2024-04,22,1550,1525,1993.75
Gujarat,Banaskanth,Deesa (Deesa Veg Yard),Onion,Other,FAQ,2801688594a24f8e,2024-05,25,1675,1525,1700
Gujarat,Banaskanth,Deesa (Deesa Veg Yard),Onion,Other,FAQ,2801688594a24f8e,2024-06,25,3025,1725,3175
Gujarat,Banaskanth,Deesa (Deesa Veg Yard),Onion,Other,FAQ,2801688594a24f8e,2024-07,27,3200,3125,3425
Gujarat,Banaskanth,Deesa (Deesa Veg Yard),Onion,Other,FAQ,2801688594a24f8e,2024-08,22,3237.5,3175,3393.75
Gujarat,Banaskanth,Deesa (Deesa Veg Yard),Onion,Other,FAQ,2801688594a24f8e,2024-09,21,4425,3950,4475
Gujarat,Banaskanth,Deesa (Deesa Veg Yard),Onion,Other,FAQ,2801688594a24f8e,2024-10,15,4675,4612.5,4875
Gujarat,Banaskanth,Deesa (Deesa Veg Yard),Onion,Other,FAQ,2801688594a24f8e,2024-11,9,4875,4800,5375
Gujarat,Banaskanth,Deesa (Deesa Veg Yard),Onion,Other,FAQ,2801688594a24f8e,2024-12,24,3912.5,1650,4631.25
Gujarat,Banaskanth,Deesa (Deesa Veg Yard),Onion,Other,FAQ,2801688594a24f8e,2025-01,22,1125,1075,1675
Gujarat,Banaskanth,Deesa (Deesa Veg Yard),Onion,Other,FAQ,2801688594a24f8e,2025-02,18,2450,1712.5,2500
Gujarat,Banaskanth,Deesa (Deesa Veg Yard),Onion,Other,FAQ,2801688594a24f8e,2025-03,14,2375,2062.5,2493.75
Gujarat,Banaskanth,Deesa (Deesa Veg Yard),Onion,Other,FAQ,2801688594a24f8e,2025-04,16,1925,1168.75,2075
Gujarat,Banaskanth,Deesa (Deesa Veg Yard),Onion,Other,FAQ,2801688594a24f8e,2025-05,19,1125,1037.5,1175
Gujarat,Banaskanth,Deesa (Deesa Veg Yard),Onion,Other,FAQ,2801688594a24f8e,2025-06,17,1350,1200,1375
Gujarat,Banaskanth,Deesa (Deesa Veg Yard),Onion,Other,FAQ,2801688594a24f8e,2025-07,25,1300,1250,1375
Gujarat,Banaskanth,Deesa (Deesa Veg Yard),Onion,Other,FAQ,2801688594a24f8e,2025-08,16,1362.5,1318.75,1481.25
Gujarat,Banaskanth,Deesa (Deesa Veg Yard),Onion,Other,FAQ,2801688594a24f8e,2025-09,21,1200,1150,1350
Gujarat,Banaskanth,Deesa (Deesa Veg Yard),Onion,Other,FAQ,2801688594a24f8e,2025-10,11,1075,1025,1075
Gujarat,Banaskanth,Deesa (Deesa Veg Yard),Potato,Other,FAQ,d1c119b85625f544,2024-01,19,750,662.5,825
Gujarat,Banaskanth,Deesa (Deesa Veg Yard),Potato,Other,FAQ,d1c119b85625f544,2024-02,24,1050,850,1112.5
Gujarat,Banaskanth,Deesa (Deesa Veg Yard),Potato,Other,FAQ,d1c119b85625f544,2024-03,21,1150,1100,1250
Gujarat,Banaskanth,Deesa (Deesa Veg Yard),Potato,Other,FAQ,d1c119b85625f544,2024-04,22,1587.5,1525,1693.75
Gujarat,Banaskanth,Deesa (Deesa Veg Yard),Potato,Other,FAQ,d1c119b85625f544,2024-05,25,1925,1875,2125
Gujarat,Banaskanth,Deesa (Deesa Veg Yard),Potato,Other,FAQ,d1c119b85625f544,2024-06,25,2250,1925,2475
Gujarat,Banaskanth,Deesa (Deesa Veg Yard),Potato,Other,FAQ,d1c119b85625f544,2024-07,27,2350,2287.5,2462.5
Gujarat,Banaskanth,Deesa (Deesa Veg Yard),Potato,Other,FAQ,d1c119b85625f544,2024-08,22,2225,2200,2725
Gujarat,Banaskanth,Deesa (Deesa Veg Yard),Potato,Other,FAQ,d1c119b85625f544,2024-09,21,2475,2175,2550
Gujarat,Banaskanth,Deesa (Deesa Veg Yard),Potato,Other,FAQ,d1c119b85625f544,2024-10,15,2625,2575,2650
Gujarat,Banaskanth,Deesa (Deesa Veg Yard),Potato,Other,FAQ,d1c119b85625f544,2024-11,9,2700,2625,2750
Gujarat,Banaskanth,Deesa (Deesa Veg Yard),Potato,Other,FAQ,d1c119b85625f544,2024-12,24,2325,2268.75,2350
Gujarat,Banaskanth,Deesa (Deesa Veg Yard),Potato,Other,FAQ,d1c119b85625f544,2025-01,22,1050,1000,1343.75
Gujarat,Banaskanth,Deesa (Deesa Veg Yard),Potato,Other,FAQ,d1c119b85625f544,2025-02,18,825,750,850
Gujarat,Banaskanth,Deesa (Deesa Veg Yard),Potato,Other,FAQ,d1c119b85625f544,2025-03,14,750,662.5,800
Gujarat,Banaskanth,Deesa (Deesa Veg Yard),Potato,Other,FAQ,d1c119b85625f544,2025-04,17,950,925,1050
Gujarat,Banaskanth,Deesa (Deesa Veg Yard),Potato,Other,FAQ,d1c119b85625f544,2025-05,19,1050,1050,1300
Gujarat,Banaskanth,Deesa (Deesa Veg Yard),Potato,Other,FAQ,d1c119b85625f544,2025-06,17,1400,1175,1475
Gujarat,Banaskanth,Deesa (Deesa Veg Yard),Potato,Other,FAQ,d1c119b85625f544,2025-07,25,1475,1275,1525
Gujarat,Banaskanth,Deesa (Deesa Veg Yard),Potato,Other,FAQ,d1c119b85625f544,2025-08,16,1225,1150,1312.5
Gujarat,Banaskanth,Deesa (Deesa Veg Yard),Potato,Other,FAQ,d1c119b85625f544,2025-09,18,1125,1100,1150
Gujarat,Banaskanth,Deesa (Deesa Veg Yard),Potato,Other,FAQ,d1c119b85625f544,2025-10,14,1175,1175,1200
Gujarat,Banaskanth,Deesa (Deesa Veg Yard),Tomato,Other,FAQ,5187d741be4b1e2e,2024-01,19,1225,1175,1350
Gujarat,Banaskanth,Deesa (Deesa Veg Yard),Tomato,Other,FAQ,5187d741be4b1e2e,2024-02,22,2362.5,2056.25,2525
Gujarat,Banaskanth,Deesa (Deesa Veg Yard),Tomato,Other,FAQ,5187d741be4b1e2e,2024-03,22,2125,2050,2175
Gujarat,Banaskanth,Deesa (Deesa Veg Yard),Tomato,Other,FAQ,5187d741be4b1e2e,2024-04,22,1225,1200,1993.75
Gujarat,Banaskanth,Deesa (Deesa Veg Yard),Tomato,Other,FAQ,5187d741be4b1e2e,2024-05,24,1225,1200,1650
Gujarat,Banaskanth,Deesa (Deesa Veg Yard),Tomato,Other,FAQ,5187d741be4b1e2e,2024-06,25,2350,2100,4500
Gujarat,Banaskanth,Deesa (Deesa Veg Yard),Tomato,Other,FAQ,5187d741be4b1e2e,2024-07,27,5375,5275,5850
Gujarat,Banaskanth,Deesa (Deesa Veg Yard),Tomato,Other,FAQ,5187d741be4b1e2e,2024-08,22,3400,3306.25,3450
Gujarat,Banaskanth,Deesa (Deesa Veg Yard),Tomato,Other,FAQ,5187d741be4b1e2e,2024-09,21,2450,2425,2550
Gujarat,Banaskanth,Deesa (Deesa Veg Yard),Tomato,Other,FAQ,5187d741be4b1e2e,2024-10,15,6350,4675,6375
Gujarat,Banaskanth,Deesa (Deesa Veg Yard),Tomato,Other,FAQ,5187d741be4b1e2e,2024-11,9,4000,3175,4100
Gujarat,Banaskanth,Deesa (Deesa Veg Yard),Tomato,Other,FAQ,5187d741be4b1e2e,2024-12,24,2750,2300,3906.25
Gujarat,Banaskanth,Deesa (Deesa Veg Yard),Tomato,Other,FAQ,5187d741be4b1e2e,2025-01,22,1225,1200,1306.25
Gujarat,Banaskanth,Deesa (Deesa Veg Yard),Tomato,Other,FAQ,5187d741be4b1e2e,2025-02,17,1075,1000,1225
Gujarat,Banaskanth,Deesa (Deesa Veg Yard),Tomato,Other,FAQ,5187d741be4b1e2e,2025-03,13,675,550,700
Gujarat,Banaskanth,Deesa (Deesa Veg Yard),Tomato,Other,FAQ,5187d741be4b1e2e,2025-04,17,525,475,800
Gujarat,Banaskanth,Deesa (Deesa Veg Yard),Tomato,Other,FAQ,5187d741be4b1e2e,2025-05,18,1050,1050,1337.5
Gujarat,Banaskanth,Deesa (Deesa Veg Yard),Tomato,Other,FAQ,5187d741be4b1e2e,2025-06,17,3325,1950,3375
Gujarat,Banaskanth,Deesa (Deesa Veg Yard),Tomato,Other,FAQ,5187d741be4b1e2e,2025-07,25,2700,2675,2900
Gujarat,Banaskanth,Deesa (Deesa Veg Yard),Tomato,Other,FAQ,5187d741be4b1e2e,2025-08,15,4375,4250,5850
Gujarat,Banaskanth,Deesa (Deesa Veg Yard),Tomato,Other,FAQ,5187d741be4b1e2e,2025-09,22,1700,1475,2193.75
Gujarat,Banaskanth,Deesa (Deesa Veg Yard),Tomato,Other,FAQ,5187d741be4b1e2e,2025-10,12,1675,1650,1700
Gujarat,Banaskanth,Deesa (Deesa Veg Yard) APMC,Onion,Other,FAQ,1c825dba3081bd65,2025-12,6,1337.5,1175,1556.25
Gujarat,Banaskanth,Deesa (Deesa Veg Yard) APMC,Potato,Other,FAQ,75d9f40d1ba04de1,2025-12,2,1750,1687.5,1812.5
Gujarat,Banaskanth,Deesa (Deesa Veg Yard) APMC,Tomato,Other,FAQ,2e40fc4a11b9ac35,2025-12,5,2075,2075,2925
Gujarat,Bharuch,Ankleshwar,Onion,Nasik,FAQ,8b23111dfe88b667,2025-01,11,2000,1700,2000
Gujarat,Bharuch,Ankleshwar,Onion,Nasik,FAQ,8b23111dfe88b667,2025-02,13,2300,1700,2500
Gujarat,Bharuch,Ankleshwar,Onion,Nasik,FAQ,8b23111dfe88b667,2025-03,16,1700,1500,1925
Gujarat,Bharuch,Ankleshwar,Onion,Nasik,FAQ,8b23111dfe88b667,2025-04,16,1200,1200,1225
Gujarat,Bharuch,Ankleshwar,Onion,Nasik,FAQ,8b23111dfe88b667,2025-05,16,1200,1100,1200
Gujarat,Bharuch,Ankleshwar,Onion,Nasik,FAQ,8b23111dfe88b667,2025-06,7,1300,1200,1500
Gujarat,Bharuch,Ankleshwar,Onion,Nasik,FAQ,8b23111dfe88b667,2025-07,11,1500,1300,1500
Gujarat,Bharuch,Ankleshwar,Onion,Nasik,FAQ,8b23111dfe88b667,2025-08,7,1300,1200,1450
Gujarat,Bharuch,Ankleshwar,Onion,Nasik,FAQ,8b23111dfe88b667,2025-09,2,1050,1025,1075
Gujarat,Bharuch,Ankleshwar,Onion,Nasik,FAQ,8b23111dfe88b667,2025-10,2,1250,1225,1275
Gujarat,Bharuch,Ankleshwar,Potato,Potato,FAQ,4fb024087ad3ceaf,2024-01,18,1200,1000,1275
Gujarat,Bharuch,Ankleshwar,Potato,Potato,FAQ,4fb024087ad3ceaf,2024-02,17,1000,900,1000
Gujarat,Bharuch,Ankleshwar,Potato,Potato,FAQ,4fb024087ad3ceaf,2024-03,16,1200,1175,1225
Gujarat,Bharuch,Ankleshwar,Potato,Potato,FAQ,4fb024087ad3ceaf,2024-04,19,1500,1200,1500
Gujarat,Bharuch,Ankleshwar,Potato,Potato,FAQ,4fb024087ad3ceaf,2024-05,26,1500,1500,1575
Gujarat,Bharuch,Ankleshwar,Potato,Potato,FAQ,4fb024087ad3ceaf,2024-06,19,2100,1900,2350
Gujarat,Bharuch,Ankleshwar,Potato,Potato,FAQ,4fb024087ad3ceaf,2024-07,25,2500,2500,2500
Gujarat,Bharuch,Ankleshwar,Potato,Potato,FAQ,4fb024087ad3ceaf,2024-08,28,2500,2500,2500
Gujarat,Bharuch,Ankleshwar,Potato,Potato,FAQ,4fb024087ad3ceaf,2024-09,26,2500,2500,3000
Gujarat,Bharuch,Ankleshwar,Potato,Potato,FAQ,4fb024087ad3ceaf,2024-10,29,2500,2500,2800
Gujarat,Bharuch,Ankleshwar,Potato,Potato,FAQ,4fb024087ad3ceaf,2024-11,27,2600,2500,3000
Gujarat,Bharuch,Ankleshwar,Potato,Potato,FAQ,4fb024087ad3ceaf,2024-12,31,2500,2200,2750
Gujarat,Bharuch,Ankleshwar,Potato,Potato,FAQ,4fb024087ad3ceaf,2025-01,24,1550,1500,2000
Gujarat,Bharuch,Ankleshwar,Potato,Potato,FAQ,4fb024087ad3ceaf,2025-02,24,1200,1200,1325
Gujarat,Bharuch,Ankleshwar,Potato,Potato,FAQ,4fb024087ad3ceaf,2025-03,28,850,800,1125
Gujarat,Bharuch,Ankleshwar,Potato,Potato,FAQ,4fb024087ad3ceaf,2025-04,26,1300,1125,1500
Gujarat,Bharuch,Ankleshwar,Potato,Potato,FAQ,4fb024087ad3ceaf,2025-05,28,1500,1275,1500
Gujarat,Bharuch,Ankleshwar,Potato,Potato,FAQ,4fb024087ad3ceaf,2025-06,27,1500,1500,1500
Gujarat,Bharuch,Ankleshwar,Potato,Potato,FAQ,4fb024087ad3ceaf,2025-07,28,1500,1500,1600
Gujarat,Bharuch,Ankleshwar,Potato,Potato,FAQ,4fb024087ad3ceaf,2025-08,27,1500,1450,1500
Gujarat,Bharuch,Ankleshwar,Potato,Potato,FAQ,4fb024087ad3ceaf,2025-09,22,1500,1500,1500
Gujarat,Bharuch,Ankleshwar,Potato,Potato,FAQ,4fb024087ad3ceaf,2025-10,12,1500,1500,1650
Gujarat,Bharuch,Ankleshwar,Potato,Potato,FAQ,4fb024087ad3ceaf,2025-11,2,2200,2050,2350
Gujarat,Bharuch,Ankleshwar,Tomato,Tomato,FAQ,1645b048c80471aa,2024-01,19,1200,1200,1500
Gujarat,Bharuch,Ankleshwar,Tomato,Tomato,FAQ,1645b048c80471aa,2024-02,16,1500,1500,1700
Gujarat,Bharuch,Ankleshwar,Tomato,Tomato,FAQ,1645b048c80471aa,2024-03,16,1200,975,1275
Gujarat,Bharuch,Ankleshwar,Tomato,Tomato,FAQ,1645b048c80471aa,2024-04,20,900,800,925
Gujarat,Bharuch,Ankleshwar,Tomato,Tomato,FAQ,1645b048c80471aa,2024-05,25,900,800,1000
Gujarat,Bharuch,Ankleshwar,Tomato,Tomato,FAQ,1645b048c80471aa,2024-06,16,2500,2150,3125
Gujarat,Bharuch,Ankleshwar,Tomato,Tomato,FAQ,1645b048c80471aa,2024-07,23,4500,4000,4750
Gujarat,Bharuch,Ankleshwar,Tomato,Tomato,FAQ,1645b048c80471aa,2024-08,25,2200,2000,2400
Gujarat,Bharuch,Ankleshwar,Tomato,Tomato,FAQ,1645b048c80471aa,2024-09,22,2100,1850,2500
Gujarat,Bharuch,Ankleshwar,Tomato,Tomato,FAQ,1645b048c80471aa,2024-10,25,3500,3000,4000
Gujarat,Bharuch,Ankleshwar,Tomato,Tomato,FAQ,1645b048c80471aa,2024-11,22,2500,2275,2500
Gujarat,Bharuch,Ankleshwar,Tomato,Tomato,FAQ,1645b048c80471aa,2024-12,22,2000,1575,2425
Gujarat,Bharuch,Ankleshwar,Tomato,Tomato,FAQ,1645b048c80471aa,2025-01,23,1100,800,1200
Gujarat,Bharuch,Ankleshwar,Tomato,Tomato,FAQ,1645b048c80471aa,2025-02,23,700,600,750
Gujarat,Bharuch,Ankleshwar,Tomato,Tomato,FAQ,1645b048c80471aa,2025-03,27,600,500,600
Gujarat,Bharuch,Ankleshwar,Tomato,Tomato,FAQ,1645b048c80471aa,2025-04,26,800,800,1000
Gujarat,Bharuch,Ankleshwar,Tomato,Tomato,FAQ,1645b048c80471aa,2025-05,25,1200,1200,1500
Gujarat,Bharuch,Ankleshwar,Tomato,Tomato,FAQ,1645b048c80471aa,2025-06,26,1500,1500,1500
Gujarat,Bharuch,Ankleshwar,Tomato,Tomato,FAQ,1645b048c80471aa,2025-07,30,2100,1800,2500
Gujarat,Bharuch,Ankleshwar,Tomato,Tomato,FAQ,1645b048c80471aa,2025-08,24,2500,2500,3000
Gujarat,Bharuch,Ankleshwar,Tomato,Tomato,FAQ,1645b048c80471aa,2025-09,26,1500,1275,1900
Gujarat,Bharuch,Ankleshwar,Tomato,Tomato,FAQ,1645b048c80471aa,2025-10,16,1350,1200,1500
Gujarat,Bharuch,Ankleshwar,Tomato,Tomato,FAQ,1645b048c80471aa,2025-11,2,1200,1200,1200
Gujarat,Bharuch,Ankleshwar,Tomato,Tomato,Non-FAQ,ab4fd3f0deae8a78,2025-01,3,800,750,800
Gujarat,Bharuch,Ankleshwar APMC,Onion,Onion,Grade A,5fb1bfb91bd972b8,2025-11,1,1100,1100,1100
Gujarat,Bharuch,Ankleshwar APMC,Onion,Onion,Grade A,5fb1bfb91bd972b8,2025-12,6,1500,1500,1500
Gujarat,Bharuch,Ankleshwar APMC,Potato,Potato,Grade A,30a26dbd3fdcc9b5,2025-12,7,2000,1950,2100
Gujarat,Bharuch,Ankleshwar APMC,Tomato,Tomato,Grade A,899b35ac1f3bb916,2025-12,3,2000,1750,2500
Gujarat,Bharuch,Bharuch,Onion,Other,FAQ,162df73aae57a558,2024-05,25,2000,1500,2000
Gujarat,Bharuch,Bharuch,Onion,Other,FAQ,162df73aae57a558,2024-06,26,2500,2500,3000
Gujarat,Bharuch,Bharuch,Onion,Other,FAQ,162df73aae57a558,2024-07,30,2500,2500,2575
Gujarat,Bharuch,Bharuch,Onion,Other,FAQ,162df73aae57a558,2024-08,26,2500,2500,2500
Gujarat,Bharuch,Bharuch,Onion,Other,FAQ,162df73aae57a558,2024-09,12,2500,2500,3000
Gujarat,Bharuch,Bharuch,Onion,Other,FAQ,162df73aae57a558,2024-10,17,3500,3000,3500
Gujarat,Bharuch,Bharuch,Onion,Other,FAQ,162df73aae57a558,2024-11,20,3000,2875,3500
Gujarat,Bharuch,Bharuch,Onion,Other,FAQ,162df73aae57a558,2024-12,14,2000,2000,2000
Gujarat,Bharuch,Bharuch,Onion,Other,FAQ,162df73aae57a558,2025-01,10,1500,1500,2000
Gujarat,Bharuch,Bharuch,Onion,Other,FAQ,162df73aae57a558,2025-02,1,1500,1500,1500
Gujarat,Bharuch,Bharuch,Onion,Other,FAQ,162df73aae57a558,2025-05,1,1200,1200,1200
Gujarat,Bharuch,Bharuch,Onion,Other,Non-FAQ,7aa1b135ad3b816b,2025-02,19,1500,1500,1600
Gujarat,Bharuch,Bharuch,Onion,Other,Non-FAQ,7aa1b135ad3b816b,2025-03,25,1500,1500,2000
Gujarat,Bharuch,Bharuch,Onion,Other,Non-FAQ,7aa1b135ad3b816b,2025-04,21,1200,1200,1200
Gujarat,Bharuch,Bharuch,Onion,Other,Non-FAQ,7aa1b135ad3b816b,2025-05,22,1200,1000,1200
Gujarat,Bharuch,Bharuch,Onion,Other,Non-FAQ,7aa1b135ad3b816b,2025-06,24,1450,1275,1500
Gujarat,Bharuch,Bharuch,Onion,Other,Non-FAQ,7aa1b135ad3b816b,2025-07,23,1500,1500,1500
Gujarat,Bharuch,Bharuch,Onion,Other,Non-FAQ,7aa1b135ad3b816b,2025-08,24,1500,1300,1500
Gujarat,Bharuch,Bharuch,Onion,Other,Non-FAQ,7aa1b135ad3b816b,2025-09,20,1500,1300,1500
Gujarat,Bharuch,Bharuch,Onion,Other,Non-FAQ,7aa1b135ad3b816b,2025-10,14,1400,1200,1500
Gujarat,Bharuch,Bharuch,Onion,Other,Non-FAQ,7aa1b135ad3b816b,2025-11,3,1200,1200,1250
Gujarat,Bharuch,Bharuch,Potato,Other,FAQ,5c46ae89792c02d0,2024-05,25,2000,2000,2000
Gujarat,Bharuch,Bharuch,Potato,Other,FAQ,5c46ae89792c02d0,2024-06,26,2500,2500,3000
Gujarat,Bharuch,Bharuch,Potato,Other,FAQ,5c46ae89792c02d0,2024-07,30,2500,2500,2500
Gujarat,Bharuch,Bharuch,Potato,Other,FAQ,5c46ae89792c02d0,2024-08,26,2500,2500,2500
Gujarat,Bharuch,Bharuch,Potato,Other,FAQ,5c46ae89792c02d0,2024-09,12,2500,2500,2500
Gujarat,Bharuch,Bharuch,Potato,Other,FAQ,5c46ae89792c02d0,2024-10,14,2850,2500,3000
Gujarat,Bharuch,Bharuch,Potato,Other,FAQ,5c46ae89792c02d0,2024-11,20,2500,2500,2800
Gujarat,Bharuch,Bharuch,Potato,Other,FAQ,5c46ae89792c02d0,2024-12,14,2000,2000,2000
Gujarat,Bharuch,Bharuch,Potato,Other,FAQ,5c46ae89792c02d0,2025-01,10,2000,1625,2000
Gujarat,Bharuch,Bharuch,Potato,Other,FAQ,5c46ae89792c02d0,2025-02,1,1200,1200,1200
Gujarat,Bharuch,Bharuch,Potato,Other,Non-FAQ,a91e938f89b15a16,2025-01,5,2000,2000,2000
Gujarat,Bharuch,Bharuch,Potato,Other,Non-FAQ,a91e938f89b15a16,2025-02,20,1200,1200,1300
Gujarat,Bharuch,Bharuch,Potato,Other,Non-FAQ,a91e938f89b15a16,2025-03,25,1200,1200,1300
Gujarat,Bharuch,Bharuch,Potato,Other,Non-FAQ,a91e938f89b15a16,2025-04,20,1500,1300,1500
Gujarat,Bharuch,Bharuch,Potato,Other,Non-FAQ,a91e938f89b15a16,2025-05,23,1500,1500,1500
Gujarat,Bharuch,Bharuch,Potato,Other,Non-FAQ,a91e938f89b15a16,2025-06,23,1500,1500,1500
Gujarat,Bharuch,Bharuch,Potato,Other,Non-FAQ,a91e938f89b15a16,2025-07,23,1500,1500,1500
Gujarat,Bharuch,Bharuch,Potato,Other,Non-FAQ,a91e938f89b15a16,2025-08,23,1500,1500,1500
Gujarat,Bharuch,Bharuch,Potato,Other,Non-FAQ,a91e938f89b15a16,2025-09,20,1500,1500,1500
Gujarat,Bharuch,Bharuch,Potato,Other,Non-FAQ,a91e938f89b15a16,2025-10,12,1500,1500,1500
Gujarat,Bharuch,Bharuch,Potato,Other,Non-FAQ,a91e938f89b15a16,2025-11,5,1500,1500,1700
Gujarat,Bharuch,Bharuch,Tomato,Other,FAQ,84f39aa4073c52fc,2024-05,23,1300,1200,1300
Gujarat,Bharuch,Bharuch,Tomato,Other,FAQ,84f39aa4073c52fc,2024-06,23,2000,1500,2500
Gujarat,Bharuch,Bharuch,Tomato,Other,FAQ,84f39aa4073c52fc,2024-07,29,3000,3000,3000
Gujarat,Bharuch,Bharuch,Tomato,Other,FAQ,84f39aa4073c52fc,2024-08,21,2500,2500,3000
Gujarat,Bharuch,Bharuch,Tomato,Other,FAQ,84f39aa4073c52fc,2024-09,11,2000,1850,2000
Gujarat,Bharuch,Bharuch,Tomato,Other,FAQ,84f39aa4073c52fc,2024-10,12,2500,2000,3000
Gujarat,Bharuch,Bharuch,Tomato,Other,FAQ,84f39aa4073c52fc,2024-11,18,2000,1500,2000
Gujarat,Bharuch,Bharuch,Tomato,Other,FAQ,84f39aa4073c52fc,2024-12,13,2000,1500,2000
Gujarat,Bharuch,Bharuch,Tomato,Other,FAQ,84f39aa4073c52fc,2025-01,9,1300,1200,1500
Gujarat,Bharuch,Bharuch,Tomato,Other,Non-FAQ,7d06df8378ba84d5,2025-01,5,600,600,600
Gujarat,Bharuch,Bharuch,Tomato,Other,Non-FAQ,7d06df8378ba84d5,2025-02,18,500,500,575
Gujarat,Bharuch,Bharuch,Tomato,Other,Non-FAQ,7d06df8378ba84d5,2025-03,24,500,500,600
Gujarat,Bharuch,Bharuch,Tomato,Other,Non-FAQ,7d06df8378ba84d5,2025-04,20,600,600,700
Gujarat,Bharuch,Bharuch,Tomato,Other,Non-FAQ,7d06df8378ba84d5,2025-05,23,1200,1000,1200
Gujarat,Bharuch,Bharuch,Tomato,Other,Non-FAQ,7d06df8378ba84d5,2025-06,20,1250,1200,1550
Gujarat,Bharuch,Bharuch,Tomato,Other,Non-FAQ,7d06df8378ba84d5,2025-07,22,2000,1525,2150
Gujarat,Bharuch,Bharuch,Tomato,Other,Non-FAQ,7d06df8378ba84d5,2025-08,22,2500,2500,3000
Gujarat,Bharuch,Bharuch,Tomato,Other,Non-FAQ,7d06df8378ba84d5,2025-09,24,2000,1700,2000
Gujarat,Bharuch,Bharuch,Tomato,Other,Non-FAQ,7d06df8378ba84d5,2025-10,15,1300,1300,1500
Gujarat,Bharuch,Bharuch,Tomato,Other,Non-FAQ,7d06df8378ba84d5,2025-11,2,1350,1275,1425
Gujarat,Bharuch,Bharuch APMC,Onion,Other,Local,cf5156c1427be8d4,2025-12,4,1250,1200,1300
Gujarat,Bharuch,Bharuch APMC,Potato,Other,Local,1f9d49fc41d3c45d,2025-12,2,1750,1625,1875
Gujarat,Bharuch,Bharuch APMC,Tomato,Other,Local,db20ceae3bafe459,2025-12,4,1700,1650,1775
Gujarat,Bhavnagar,Bhavnagar,Onion,Red,FAQ,10d2f6b1c33f4ddc,2024-01,17,1350,1235,1415
Gujarat,Bhavnagar,Bhavnagar,Onion,Red,FAQ,10d2f6b1c33f4ddc,2024-02,20,1017.5,961.25,1301.25
Gujarat,Bhavnagar,Bhavnagar,Onion,Red,FAQ,10d2f6b1c33f4ddc,2024-03,13,1270,1230,1350
Gujarat,Bhavnagar,Bhavnagar,Onion,Red,FAQ,10d2f6b1c33f4ddc,2024-04,5,1260,1170,1270
Gujarat,Bhavnagar,Bhavnagar,Onion,Red,FAQ,10d2f6b1c33f4ddc,2024-10,2,2575,2575,2575
Gujarat,Bhavnagar,Bhavnagar,Onion,Red,FAQ,10d2f6b1c33f4ddc,2024-11,18,2445,2252.5,2528.75
Gujarat,Bhavnagar,Bhavnagar,Onion,Red,FAQ,10d2f6b1c33f4ddc,2024-12,24,2035,1717.5,2415
Gujarat,Bhavnagar,Bhavnagar,Onion,Red,FAQ,10d2f6b1c33f4ddc,2025-01,23,1640,1557.5,1735
Gujarat,Bhavnagar,Bhavnagar,Onion,Red,FAQ,10d2f6b1c33f4ddc,2025-02,23,1850,1702.5,1955
Gujarat,Bhavnagar,Bhavnagar,Onion,Red,FAQ,10d2f6b1c33f4ddc,2025-03,14,1525,1282.5,1822.5
Gujarat,Bhavnagar,Bhavnagar,Onion,Red,FAQ,10d2f6b1c33f4ddc,2025-04,17,890,855,960
Gujarat,Bhavnagar,Bhavnagar,Onion,Red,FAQ,10d2f6b1c33f4ddc,2025-05,10,740,693.75,868.75
Gujarat,Bhavnagar,Bhavnagar,Onion,White,FAQ,7c36d53e2a427635,2024-01,7,1245,1190,1335
Gujarat,Bhavnagar,Bhavnagar,Onion,White,FAQ,7c36d53e2a427635,2024-02,20,1220,1188.75,1246.25
Gujarat,Bhavnagar,Bhavnagar,Onion,White,FAQ,7c36d53e2a427635,2024-03,12,1210,1137.5,1227.5
Gujarat,Bhavnagar,Bhavnagar,Onion,White,FAQ,7c36d53e2a427635,2024-04,4,1132.5,1083.75,1197.5
Gujarat,Bhavnagar,Bhavnagar,Onion,White,FAQ,7c36d53e2a427635,2024-12,8,1455,1348.75,1552.5
Gujarat,Bhavnagar,Bhavnagar,Onion,White,FAQ,7c36d53e2a427635,2025-01,8,1405,1212.5,1526.25
Gujarat,Bhavnagar,Bhavnagar,Onion,White,FAQ,7c36d53e2a427635,2025-02,18,1260,1192.5,1361.25
Gujarat,Bhavnagar,Bhavnagar,Onion,White,FAQ,7c36d53e2a427635,2025-03,13,1050,925,1195
Gujarat,Bhavnagar,Bhavnagar,Onion,White,FAQ,7c36d53e2a427635,2025-04,17,740,635,840
Gujarat,Bhavnagar,Bhavnagar,Onion,White,FAQ,7c36d53e2a427635,2025-05,6,600,481.25,628.75
Gujarat,Bhavnagar,Bhavnagar,Onion,White,Non-FAQ,2a99d556a101f6dd,2025-04,2,657.5,641.25,673.75
Gujarat,Bhavnagar,Bhavnagar,Onion,White,Non-FAQ,2a99d556a101f6dd,2025-05,4,452.5,422.5,480
Gujarat,Bhavnagar,Bhavnagar APMC,Onion,Red,FAQ,2dd095322abd9cfa,2025-12,1,1025,1025,1025
Gujarat,Bhavnagar,Mahuva (Station Road),Onion,Other,FAQ,ce0d370acca6dda6,2024-04,1,281,281,281
Gujarat,Bhavnagar,Mahuva (Station Road),Onion,Other,FAQ,ce0d370acca6dda6,2024-09,1,364,364,364
Gujarat,Bhavnagar,Mahuva (Station Road),Onion,Red,FAQ,721a237b235c05c1,2024-01,24,1207.5,1015,1331.25
Gujarat,Bhavnagar,Mahuva (Station Road),Onion,Red,FAQ,721a237b235c05c1,2024-02,23,1025,965,1265
Gujarat,Bhavnagar,Mahuva (Station Road),Onion,Red,FAQ,721a237b235c05c1,2024-03,20,1212.5,1112.5,1273.75
Gujarat,Bhavnagar,Mahuva (Station Road),Onion,Red,FAQ,721a237b235c05c1,2024-04,20,1080,1023.75,1148.75
Gujarat,Bhavnagar,Mahuva (Station Road),Onion,Red,FAQ,721a237b235c05c1,2024-05,24,1127.5,1080,1186.25
Gujarat,Bhavnagar,Mahuva (Station Road),Onion,Red,FAQ,721a237b235c05c1,2024-06,22,1657.5,1461.25,1775
Gujarat,Bhavnagar,Mahuva (Station Road),Onion,Red,FAQ,721a237b235c05c1,2024-07,16,1782.5,1727.5,1927.5
Gujarat,Bhavnagar,Mahuva (Station Road),Onion,Red,FAQ,721a237b235c05c1,2024-08,19,2250,2062.5,2440
Gujarat,Bhavnagar,Mahuva (Station Road),Onion,Red,FAQ,721a237b235c05c1,2024-09,17,2630,2420,3250
Gujarat,Bhavnagar,Mahuva (Station Road),Onion,Red,FAQ,721a237b235c05c1,2024-10,20,3125,2762.5,3250
Gujarat,Bhavnagar,Mahuva (Station Road),Onion,Red,FAQ,721a237b235c05c1,2024-11,16,2687.5,2401.25,3250
Gujarat,Bhavnagar,Mahuva (Station Road),Onion,Red,FAQ,721a237b235c05c1,2024-12,23,2000,1700,2750
Gujarat,Bhavnagar,Mahuva (Station Road),Onion,Red,FAQ,721a237b235c05c1,2025-01,25,1655,1595,1710
Gujarat,Bhavnagar,Mahuva (Station Road),Onion,Red,FAQ,721a237b235c05c1,2025-02,24,1770,1663.75,1925
Gujarat,Bhavnagar,Mahuva (Station Road),Onion,Red,FAQ,721a237b235c05c1,2025-03,22,1375,1141.25,1868.75
Gujarat,Bhavnagar,Mahuva (Station Road),Onion,Red,FAQ,721a237b235c05c1,2025-04,24,800,750,851.25
Gujarat,Bhavnagar,Mahuva (Station Road),Onion,Red,FAQ,721a237b235c05c1,2025-05,20,767.5,692.5,873.75
Gujarat,Bhavnagar,Mahuva (Station Road),Onion,Red,FAQ,721a237b235c05c1,2025-06,22,950,765,1106.25
Gujarat,Bhavnagar,Mahuva (Station Road),Onion,Red,FAQ,721a237b235c05c1,2025-07,20,1000,931.25,1125
Gujarat,Bhavnagar,Mahuva (Station Road),Onion,Red,FAQ,721a237b235c05c1,2025-08,16,1125,757.5,1406.25
Gujarat,Bhavnagar,Mahuva (Station Road),Onion,Red,FAQ,721a237b235c05c1,2025-09,19,1000,750,1000
Gujarat,Bhavnagar,Mahuva (Station Road),Onion,Red,FAQ,721a237b235c05c1,2025-10,9,945,875,1000
Gujarat,Bhavnagar,Mahuva (Station Road),Onion,Red,FAQ,721a237b235c05c1,2025-11,1,970,970,970
Gujarat,Bhavnagar,Mahuva (Station Road),Onion,White,FAQ,226104e4f0d89b79,2024-01,25,1380,1310,1430
Gujarat,Bhavnagar,Mahuva (Station Road),Onion,White,FAQ,226104e4f0d89b79,2024-02,24,1302.5,1267.5,1331.25
Gujarat,Bhavnagar,Mahuva (Station Road),Onion,White,FAQ,226104e4f0d89b79,2024-03,23,1195,1187.5,1215
Gujarat,Bhavnagar,Mahuva (Station Road),Onion,White,FAQ,226104e4f0d89b79,2024-04,20,1280,1212.5,1305
Gujarat,Bhavnagar,Mahuva (Station Road),Onion,White,FAQ,226104e4f0d89b79,2024-05,25,1295,1240,1350
Gujarat,Bhavnagar,Mahuva (Station Road),Onion,White,FAQ,226104e4f0d89b79,2024-06,22,1450,1307.5,1560
Gujarat,Bhavnagar,Mahuva (Station Road),Onion,White,FAQ,226104e4f0d89b79,2024-07,16,1500,1312.5,1622.5
Gujarat,Bhavnagar,Mahuva (Station Road),Onion,White,FAQ,226104e4f0d89b79,2024-08,19,2000,1667.5,2322.5
Gujarat,Bhavnagar,Mahuva (Station Road),Onion,White,FAQ,226104e4f0d89b79,2024-09,18,2270,1953.75,2587.5
Gujarat,Bhavnagar,Mahuva (Station Road),Onion,White,FAQ,226104e4f0d89b79,2024-10,20,3250,2998.75,3768.75
Gujarat,Bhavnagar,Mahuva (Station Road),Onion,White,FAQ,226104e4f0d89b79,2024-11,16,3457.5,2922.5,3750
Gujarat,Bhavnagar,Mahuva (Station Road),Onion,White,FAQ,226104e4f0d89b79,2024-12,23,1805,1642.5,2945
Gujarat,Bhavnagar,Mahuva (Station Road),Onion,White,FAQ,226104e4f0d89b79,2025-01,20,1742.5,1623.75,1875
Gujarat,Bhavnagar,Mahuva (Station Road),Onion,White,FAQ,226104e4f0d89b79,2025-02,23,1475,1377.5,1635
Gujarat,Bhavnagar,Mahuva (Station Road),Onion,White,FAQ,226104e4f0d89b79,2025-03,22,1125,1001.25,1343.75
Gujarat,Bhavnagar,Mahuva (Station Road),Onion,White,FAQ,226104e4f0d89b79,2025-04,24,750,700,831.25
Gujarat,Bhavnagar,Mahuva (Station Road),Onion,White,FAQ,226104e4f0d89b79,2025-05,17,695,490,750
Gujarat,Bhavnagar,Mahuva (Station Road),Onion,White,FAQ,226104e4f0d89b79,2025-06,21,875,780,1000
Gujarat,Bhavnagar,Mahuva (Station Road),Onion,White,FAQ,226104e4f0d89b79,2025-07,20,950,750,1000
Gujarat,Bhavnagar,Mahuva (Station Road),Onion,White,FAQ,226104e4f0d89b79,2025-08,16,857.5,750,1000
Gujarat,Bhavnagar,Mahuva (Station Road),Onion,White,FAQ,226104e4f0d89b79,2025-09,17,1000,750,1125
Gujarat,Bhavnagar,Mahuva (Station Road),Onion,White,FAQ,226104e4f0d89b79,2025-10,13,1000,750,1000
Gujarat,Bhavnagar,Mahuva (Station Road),Onion,White,FAQ,226104e4f0d89b79,2025-11,2,1137.5,1068.75,1206.25
Gujarat,Bhavnagar,Mahuva (Station Road) APMC,Onion,Red,FAQ,256601de7829956d,2025-12,7,1000,718,1085.5
Gujarat,Bhavnagar,Mahuva (Station Road) APMC,Onion,White,FAQ,a15d8b99139440f4,2025-12,7,1035,1031.5,1069
Gujarat,Bhavnagar,Palitana,Onion,Red,FAQ,ddcce0b19b65b8b8,2024-01,17,1295,975,1375
Gujarat,Bhavnagar,Palitana,Onion,Red,FAQ,ddcce0b19b65b8b8,2024-02,16,1222.5,1025,1431.25
Gujarat,Bhavnagar,Palitana,Onion,Red,FAQ,ddcce0b19b65b8b8,2024-03,8,1397.5,1375,1443.75
Gujarat,Bhavnagar,Palitana,Onion,Red,FAQ,ddcce0b19b65b8b8,2024-04,1,2250,2250,2250
Gujarat,Bhavnagar,Palitana,Onion,Red,FAQ,ddcce0b19b65b8b8,2024-06,1,2500,2500,2500
Gujarat,Bhavnagar,Palitana,Onion,Red,FAQ,ddcce0b19b65b8b8,2024-12,2,1142.5,1113.75,1171.25
Gujarat,Bhavnagar,Palitana,Onion,Red,FAQ,ddcce0b19b65b8b8,2025-01,18,1725,1598.75,1783.75
Gujarat,Bhavnagar,Palitana,Onion,Red,FAQ,ddcce0b19b65b8b8,2025-02,17,1900,1810,2080
Gujarat,Bhavnagar,Palitana,Onion,Red,FAQ,ddcce0b19b65b8b8,2025-03,10,1622.5,1407.5,1705
Gujarat,Bhavnagar,Palitana,Potato,Potato,FAQ,5861a91123de4883,2024-01,18,1337.5,1300,1387.5
Gujarat,Bhavnagar,Palitana,Potato,Potato,FAQ,5861a91123de4883,2024-02,16,1500,1387.5,1500
Gujarat,Bhavnagar,Palitana,Potato,Potato,FAQ,5861a91123de4883,2024-03,17,1500,1425,1650
Gujarat,Bhavnagar,Palitana,Potato,Potato,FAQ,5861a91123de4883,2024-04,18,2375,2300,2400
Gujarat,Bhavnagar,Palitana,Potato,Potato,FAQ,5861a91123de4883,2024-05,22,2900,2662.5,2900
Gujarat,Bhavnagar,Palitana,Potato,Potato,FAQ,5861a91123de4883,2024-06,21,2800,2700,2900
Gujarat,Bhavnagar,Palitana,Potato,Potato,FAQ,5861a91123de4883,2024-07,25,2850,2825,3000
Gujarat,Bhavnagar,Palitana,Potato,Potato,FAQ,5861a91123de4883,2024-08,18,3112.5,3000,3150
Gujarat,Bhavnagar,Palitana,Potato,Potato,FAQ,5861a91123de4883,2024-09,20,3000,2875,3050
Gujarat,Bhavnagar,Palitana,Potato,Potato,FAQ,5861a91123de4883,2024-10,23,3500,2875,3500
Gujarat,Bhavnagar,Palitana,Potato,Potato,FAQ,5861a91123de4883,2024-11,12,3500,3250,3512.5
Gujarat,Bhavnagar,Palitana,Potato,Potato,FAQ,5861a91123de4883,2024-12,22,3250,2875,3500
Gujarat,Bhavnagar,Palitana,Potato,Potato,FAQ,5861a91123de4883,2025-01,24,3000,2893.75,3000
Gujarat,Bhavnagar,Palitana,Potato,Potato,FAQ,5861a91123de4883,2025-02,17,2000,2000,3000
Gujarat,Bhavnagar,Palitana,Potato,Potato,FAQ,5861a91123de4883,2025-03,13,2000,1950,2000
Gujarat,Bhavnagar,Palitana,Potato,Potato,FAQ,5861a91123de4883,2025-04,22,2050,2000,2150
Gujarat,Bhavnagar,Palitana,Potato,Potato,FAQ,5861a91123de4883,2025-05,20,2350,2325,2350
Gujarat,Bhavnagar,Palitana,Potato,Potato,FAQ,5861a91123de4883,2025-06,17,2150,2050,2250
Gujarat,Bhavnagar,Palitana,Potato,Potato,FAQ,5861a91123de4883,2025-07,24,2100,1981.25,2125
Gujarat,Bhavnagar,Palitana,Potato,Potato,FAQ,5861a91123de4883,2025-08,17,2000,1950,2000
Gujarat,Bhavnagar,Palitana,Potato,Potato,FAQ,5861a91123de4883,2025-09,16,1900,1825,1950
Gujarat,Bhavnagar,Palitana,Potato,Potato,FAQ,5861a91123de4883,2025-10,7,1900,1775,2000
Gujarat,Bhavnagar,Palitana,Tomato,Deshi,FAQ,ff78900922cc3768,2024-03,1,1500,1500,1500
Gujarat,Bhavnagar,Palitana,Tomato,Deshi,FAQ,ff78900922cc3768,2024-06,1,1650,1650,1650
Gujarat,Bhavnagar,Palitana,Tomato,Deshi,FAQ,ff78900922cc3768,2025-01,8,750,750,750
Gujarat,Bhavnagar,Palitana,Tomato,Deshi,FAQ,ff78900922cc3768,2025-02,15,1050,1000,1150
Gujarat,Bhavnagar,Palitana,Tomato,Deshi,FAQ,ff78900922cc3768,2025-03,13,1050,1050,1250
Gujarat,Bhavnagar,Palitana,Tomato,Deshi,FAQ,ff78900922cc3768,2025-04,3,850,850,850
Gujarat,Bhavnagar,Palitana,Tomato,Hybrid,FAQ,ac31a0153c3611ea,2024-01,14,1475,1106.25,1850
Gujarat,Bhavnagar,Palitana,Tomato,Hybrid,FAQ,ac31a0153c3611ea,2024-02,15,2250,1750,2250
Gujarat,Bhavnagar,Palitana,Tomato,Hybrid,FAQ,ac31a0153c3611ea,2024-03,12,1625,1500,1750
Gujarat,Bhavnagar,Palitana,Tomato,Hybrid,FAQ,ac31a0153c3611ea,2024-04,19,1500,1250,1675
Gujarat,Bhavnagar,Palitana,Tomato,Hybrid,FAQ,ac31a0153c3611ea,2024-05,17,1650,1600,1700
Gujarat,Bhavnagar,Palitana,Tomato,Hybrid,FAQ,ac31a0153c3611ea,2024-06,16,2625,2287.5,3250
Gujarat,Bhavnagar,Palitana,Tomato,Hybrid,FAQ,ac31a0153c3611ea,2024-07,23,5500,5450,5750
Gujarat,Bhavnagar,Palitana,Tomato,Hybrid,FAQ,ac31a0153c3611ea,2024-08,14,4625,4400,5000
Gujarat,Bhavnagar,Palitana,Tomato,Hybrid,FAQ,ac31a0153c3611ea,2024-09,11,3500,2300,3500
Gujarat,Bhavnagar,Palitana,Tomato,Hybrid,FAQ,ac31a0153c3611ea,2024-10,15,4000,3500,4500
Gujarat,Bhavnagar,Palitana,Tomato,Hybrid,FAQ,ac31a0153c3611ea,2024-11,9,3500,3500,4250
Gujarat,Bhavnagar,Palitana,Tomato,Hybrid,FAQ,ac31a0153c3611ea,2024-12,17,3000,1750,3000
Gujarat,Bhavnagar,Palitana,Tomato,Hybrid,FAQ,ac31a0153c3611ea,2025-01,16,1500,750,2000
Gujarat,Bhavnagar,Palitana,Tomato,Hybrid,FAQ,ac31a0153c3611ea,2025-02,1,1000,1000,1000
Gujarat,Bhavnagar,Palitana,Tomato,Hybrid,FAQ,ac31a0153c3611ea,2025-04,19,875,862.5,887.5
Gujarat,Bhavnagar,Palitana,Tomato,Hybrid,FAQ,ac31a0153c3611ea,2025-05,19,1450,1400,1500
Gujarat,Bhavnagar,Palitana,Tomato,Hybrid,FAQ,ac31a0153c3611ea,2025-06,17,2750,1350,2750
Gujarat,Bhavnagar,Palitana,Tomato,Hybrid,FAQ,ac31a0153c3611ea,2025-07,25,2500,2500,2700
Gujarat,Bhavnagar,Palitana,Tomato,Hybrid,FAQ,ac31a0153c3611ea,2025-08,18,3000,2702.5,3250
Gujarat,Bhavnagar,Palitana,Tomato,Hybrid,FAQ,ac31a0153c3611ea,2025-09,17,3125,2250,3150
Gujarat,Bhavnagar,Palitana,Tomato,Hybrid,FAQ,ac31a0153c3611ea,2025-10,11,2250,2175,3000
Gujarat,Bhavnagar,Palitana APMC,Potato,Potato,Local,ba90627cdaf06018,2025-12,2,2500,2500,2500
Gujarat,Bhavnagar,Palitana APMC,Potato,Potato,Medium,d4fcd4d2235ad7cc,2025-12,4,2500,2500,2518.75
Gujarat,Bhavnagar,Palitana APMC,Tomato,Hybrid,Medium,b0ae4499ffd9269d,2025-12,3,3100,3050,3300
Gujarat,Bhavnagar,Taleja,Onion,Red,FAQ,89e31a78205342d6,2024-01,24,1120,875,1317.5
Gujarat,Bhavnagar,Taleja,Onion,Red,FAQ,89e31a78205342d6,2024-02,21,910,825,1140
Gujarat,Bhavnagar,Taleja,Onion,Red,FAQ,89e31a78205342d6,2024-03,14,1090,980,1141.25
Gujarat,Bhavnagar,Taleja,Onion,Red,FAQ,89e31a78205342d6,2024-12,12,1337.5,1195,1563.75
Gujarat,Bhavnagar,Taleja,Onion,Red,FAQ,89e31a78205342d6,2025-01,26,1632.5,1568.75,1673.75
Gujarat,Bhavnagar,Taleja,Onion,Red,FAQ,89e31a78205342d6,2025-02,23,1825,1730,2075
Gujarat,Bhavnagar,Taleja,Onion,Red,FAQ,89e31a78205342d6,2025-03,9,1560,1160,1575
Gujarat,Bhavnagar,Taleja,Onion,White,FAQ,4e5624444c8a9edc,2024-01,5,1275,1210,1290
Gujarat,Bhavnagar,Taleja,Onion,White,FAQ,4e5624444c8a9edc,2024-12,1,1100,1100,1100
Gujarat,Bhavnagar,Taleja,Onion,White,FAQ,4e5624444c8a9edc,2025-01,5,1555,1465,1595
Gujarat,Bhavnagar,Taleja,Onion,White,FAQ,4e5624444c8a9edc,2025-02,13,1380,1115,1450
Gujarat,Bhavnagar,Taleja,Onion,White,FAQ,4e5624444c8a9edc,2025-03,8,1102.5,1063.75,1112.5
Gujarat,Bhavnagar,Taleja,Onion,White,Non-FAQ,c03e8f8b2e0a0571,2025-02,1,1205,1205,1205
Gujarat,Dahod,Dahod (Veg. Market),Onion,Onion,FAQ,240bef14621574cd,2024-01,28,1775,1500,2000
Gujarat,Dahod,Dahod (Veg. Market),Onion,Onion,FAQ,240bef14621574cd,2024-02,28,1300,1300,1500
Gujarat,Dahod,Dahod (Veg. Market),Onion,Onion,FAQ,240bef14621574cd,2024-03,24,1800,1500,2000
Gujarat,Dahod,Dahod (Veg. Market),Onion,Onion,FAQ,240bef14621574cd,2024-04,27,1000,1000,1500
Gujarat,Dahod,Dahod (Veg. Market),Onion,Onion,FAQ,240bef14621574cd,2024-05,30,1500,1500,1700
Gujarat,Dahod,Dahod (Veg. Market),Onion,Onion,FAQ,240bef14621574cd,2024-06,28,2500,2000,2700
Gujarat,Dahod,Dahod (Veg. Market),Onion,Onion,FAQ,240bef14621574cd,2024-07,27,2750,2575,3000
Gujarat,Dahod,Dahod (Veg. Market),Onion,Onion,FAQ,240bef14621574cd,2024-08,26,3000,2500,3500
Gujarat,Dahod,Dahod (Veg. Market),Onion,Onion,FAQ,240bef14621574cd,2024-09,30,4000,3550,4075
Gujarat,Dahod,Dahod (Veg. Market),Onion,Onion,FAQ,240bef14621574cd,2024-10,30,4000,4000,4000
Gujarat,Dahod,Dahod (Veg. Market),Onion,Onion,FAQ,240bef14621574cd,2024-11,28,4000,3500,4500
Gujarat,Dahod,Dahod (Veg. Market),Onion,Onion,FAQ,240bef14621574cd,2024-12,30,3000,2000,3500
Gujarat,Dahod,Dahod (Veg. Market),Onion,Onion,FAQ,240bef14621574cd,2025-01,30,2000,2000,2350
Gujarat,Dahod,Dahod (Veg. Market),Onion,Onion,FAQ,240bef14621574cd,2025-02,28,2500,2300,2800
Gujarat,Dahod,Dahod (Veg. Market),Onion,Onion,FAQ,240bef14621574cd,2025-03,30,1800,1500,2181.25
Gujarat,Dahod,Dahod (Veg. Market),Onion,Onion,FAQ,240bef14621574cd,2025-04,29,1000,1000,1000
Gujarat,Dahod,Dahod (Veg. Market),Onion,Onion,FAQ,240bef14621574cd,2025-05,31,1100,1100,1200
Gujarat,Dahod,Dahod (Veg. Market),Onion,Onion,FAQ,240bef14621574cd,2025-06,28,1000,1000,1225
Gujarat,Dahod,Dahod (Veg. Market),Onion,Onion,FAQ,240bef14621574cd,2025-07,29,1500,1400,1800
Gujarat,Dahod,Dahod (Veg. Market),Onion,Onion,FAQ,240bef14621574cd,2025-08,28,1250,1137.5,1425
Gujarat,Dahod,Dahod (Veg. Market),Onion,Onion,FAQ,240bef14621574cd,2025-09,22,1150,1000,1200
Gujarat,Dahod,Dahod (Veg. Market),Onion,Onion,FAQ,240bef14621574cd,2025-10,18,1300,1200,1500
Gujarat,Dahod,Dahod (Veg. Market),Onion,Onion,FAQ,240bef14621574cd,2025-11,3,1300,1300,1400
Gujarat,Dahod,Dahod (Veg. Market),Potato,Potato,FAQ,314b4dfffac5b7bc,2024-01,28,1200,1200,1300
Gujarat,Dahod,Dahod (Veg. Market),Potato,Potato,FAQ,314b4dfffac5b7bc,2024-02,28,1200,1137.5,1300
Gujarat,Dahod,Dahod (Veg. Market),Potato,Potato,FAQ,314b4dfffac5b7bc,2024-03,24,1450,1300,1500
Gujarat,Dahod,Dahod (Veg. Market),Potato,Potato,FAQ,314b4dfffac5b7bc,2024-04,28,2050,2000,2162.5
Gujarat,Dahod,Dahod (Veg. Market),Potato,Potato,FAQ,314b4dfffac5b7bc,2024-05,30,2100,2000,2200
Gujarat,Dahod,Dahod (Veg. Market),Potato,Potato,FAQ,314b4dfffac5b7bc,2024-06,29,2400,2300,2500
Gujarat,Dahod,Dahod (Veg. Market),Potato,Potato,FAQ,314b4dfffac5b7bc,2024-07,29,2550,2500,2600
Gujarat,Dahod,Dahod (Veg. Market),Potato,Potato,FAQ,314b4dfffac5b7bc,2024-08,29,2500,2500,2550
Gujarat,Dahod,Dahod (Veg. Market),Potato,Potato,FAQ,314b4dfffac5b7bc,2024-09,30,2500,2500,2600
Gujarat,Dahod,Dahod (Veg. Market),Potato,Potato,FAQ,314b4dfffac5b7bc,2024-10,30,2600,2500,2600
Gujarat,Dahod,Dahod (Veg. Market),Potato,Potato,FAQ,314b4dfffac5b7bc,2024-11,28,2500,2475,2525
Gujarat,Dahod,Dahod (Veg. Market),Potato,Potato,FAQ,314b4dfffac5b7bc,2024-12,31,1900,1700,2000
Gujarat,Dahod,Dahod (Veg. Market),Potato,Potato,FAQ,314b4dfffac5b7bc,2025-01,30,1500,1325,1700
Gujarat,Dahod,Dahod (Veg. Market),Potato,Potato,FAQ,314b4dfffac5b7bc,2025-02,28,1200,1100,1200
Gujarat,Dahod,Dahod (Veg. Market),Potato,Potato,FAQ,314b4dfffac5b7bc,2025-03,30,1100,1000,1200
Gujarat,Dahod,Dahod (Veg. Market),Potato,Potato,FAQ,314b4dfffac5b7bc,2025-04,29,1200,1200,1200
Gujarat,Dahod,Dahod (Veg. Market),Potato,Potato,FAQ,314b4dfffac5b7bc,2025-05,31,1300,1250,1350
Gujarat,Dahod,Dahod (Veg. Market),Potato,Potato,FAQ,314b4dfffac5b7bc,2025-06,29,1400,1300,1450
Gujarat,Dahod,Dahod (Veg. Market),Potato,Potato,FAQ,314b4dfffac5b7bc,2025-07,30,1350,1300,1400
Gujarat,Dahod,Dahod (Veg. Market),Potato,Potato,FAQ,314b4dfffac5b7bc,2025-08,27,1250,1200,1325
Gujarat,Dahod,Dahod (Veg. Market),Potato,Potato,FAQ,314b4dfffac5b7bc,2025-09,23,1200,1150,1200
Gujarat,Dahod,Dahod (Veg. Market),Potato,Potato,FAQ,314b4dfffac5b7bc,2025-10,24,1300,1300,1400
Gujarat,Dahod,Dahod (Veg. Market),Potato,Potato,FAQ,314b4dfffac5b7bc,2025-11,2,1450,1425,1475
Gujarat,Dahod,Dahod (Veg. Market),Tomato,Tomato,FAQ,518f332aced6b913,2024-01,28,1250,1075,1850
Gujarat,Dahod,Dahod (Veg. Market),Tomato,Tomato,FAQ,518f332aced6b913,2024-02,28,2000,1800,2300
Gujarat,Dahod,Dahod (Veg. Market),Tomato,Tomato,FAQ,518f332aced6b913,2024-03,24,1600,1500,1700
Gujarat,Dahod,Dahod (Veg. Market),Tomato,Tomato,FAQ,518f332aced6b913,2024-04,28,1000,1000,1200
Gujarat,Dahod,Dahod (Veg. Market),Tomato,Tomato,FAQ,518f332aced6b913,2024-05,30,1400,1300,1500
Gujarat,Dahod,Dahod (Veg. Market),Tomato,Tomato,FAQ,518f332aced6b913,2024-06,29,2000,1500,3500
Gujarat,Dahod,Dahod (Veg. Market),Tomato,Tomato,FAQ,518f332aced6b913,2024-07,29,4000,4000,5000
Gujarat,Dahod,Dahod (Veg. Market),Tomato,Tomato,FAQ,518f332aced6b913,2024-08,29,2500,2100,2750
Gujarat,Dahod,Dahod (Veg. Market),Tomato,Tomato,FAQ,518f332aced6b913,2024-09,30,2500,2000,3375
Gujarat,Dahod,Dahod (Veg. Market),Tomato,Tomato,FAQ,518f332aced6b913,2024-10,30,4000,3000,5000
Gujarat,Dahod,Dahod (Veg. Market),Tomato,Tomato,FAQ,518f332aced6b913,2024-11,28,2562.5,2500,3000
Gujarat,Dahod,Dahod (Veg. Market),Tomato,Tomato,FAQ,518f332aced6b913,2024-12,31,1800,1500,2000
Gujarat,Dahod,Dahod (Veg. Market),Tomato,Tomato,FAQ,518f332aced6b913,2025-01,30,1000,1000,1000
Gujarat,Dahod,Dahod (Veg. Market),Tomato,Tomato,FAQ,518f332aced6b913,2025-02,28,700,600,1000
Gujarat,Dahod,Dahod (Veg. Market),Tomato,Tomato,FAQ,518f332aced6b913,2025-03,30,700,600,800
Gujarat,Dahod,Dahod (Veg. Market),Tomato,Tomato,FAQ,518f332aced6b913,2025-04,29,1000,700,1000
Gujarat,Dahod,Dahod (Veg. Market),Tomato,Tomato,FAQ,518f332aced6b913,2025-05,31,1500,1300,1700
Gujarat,Dahod,Dahod (Veg. Market),Tomato,Tomato,FAQ,518f332aced6b913,2025-06,29,1700,1500,2000
Gujarat,Dahod,Dahod (Veg. Market),Tomato,Tomato,FAQ,518f332aced6b913,2025-07,29,2500,2200,3000
Gujarat,Dahod,Dahod (Veg. Market),Tomato,Tomato,FAQ,518f332aced6b913,2025-08,28,3500,2750,3762.5
Gujarat,Dahod,Dahod (Veg. Market),Tomato,Tomato,FAQ,518f332aced6b913,2025-09,30,1500,1000,2000
Gujarat,Dahod,Dahod (Veg. Market),Tomato,Tomato,FAQ,518f332aced6b913,2025-10,22,1500,1500,1950
Gujarat,Dahod,Dahod (Veg. Market),Tomato,Tomato,FAQ,518f332aced6b913,2025-11,3,1600,1300,1650
Gujarat,Dahod,Dahod (Veg. Market),Tomato,Tomato,Non-FAQ,997e77a937c46c8c,2025-07,1,1500,1500,1500
Gujarat,Dahod,Dahod (Veg. Market) APMC,Onion,Onion,Local,43ce094c5718f1cd,2025-12,7,1000,1000,1350
Gujarat,Dahod,Dahod (Veg. Market) APMC,Potato,Potato,Local,7451e551f9ed7ed7,2025-12,6,1200,1050,1200
Gujarat,Dahod,Dahod (Veg. Market) APMC,Tomato,Tomato,Local,cf310d3f0826e603,2025-12,8,2000,1500,2550
Gujarat,Gandhinagar,"Kalol (Veg,Market,Kalol)",Tomato,Other,FAQ,4e283ce65234da65,2024-01,20,1000,1000,1250
Gujarat,Gandhinagar,"Kalol (Veg,Market,Kalol)",Tomato,Other,FAQ,4e283ce65234da65,2024-02,18,1375,1250,1500
Gujarat,Gandhinagar,"Kalol (Veg,Market,Kalol)",Tomato,Other,FAQ,4e283ce65234da65,2024-03,12,1250,1250,1262.5
Gujarat,Gandhinagar,"Kalol (Veg,Market,Kalol)",Tomato,Other,FAQ,4e283ce65234da65,2024-04,19,1000,850,1250
Gujarat,Gandhinagar,"Kalol (Veg,Market,Kalol)",Tomato,Other,FAQ,4e283ce65234da65,2024-05,19,1300,1250,1500
Gujarat,Gandhinagar,"Kalol (Veg,Market,Kalol)",Tomato,Other,FAQ,4e283ce65234da65,2024-06,20,1500,1500,1750
Gujarat,Gandhinagar,"Kalol (Veg,Market,Kalol)",Tomato,Other,FAQ,4e283ce65234da65,2024-07,25,5000,3000,7500
Gujarat,Gandhinagar,"Kalol (Veg,Market,Kalol)",Tomato,Other,FAQ,4e283ce65234da65,2024-08,23,3000,2875,4125
Gujarat,Gandhinagar,"Kalol (Veg,Market,Kalol)",Tomato,Other,FAQ,4e283ce65234da65,2024-09,20,2000,1937.5,2312.5
Gujarat,Gandhinagar,"Kalol (Veg,Market,Kalol)",Tomato,Other,FAQ,4e283ce65234da65,2024-10,20,2000,2000,2500
Gujarat,Gandhinagar,"Kalol (Veg,Market,Kalol)",Tomato,Other,FAQ,4e283ce65234da65,2024-11,5,2250,2000,2500
Gujarat,Gandhinagar,"Kalol (Veg,Market,Kalol)",Tomato,Other,FAQ,4e283ce65234da65,2024-12,2,2125,2062.5,2187.5
Gujarat,Gandhinagar,"Kalol (Veg,Market,Kalol)",Tomato,Other,FAQ,4e283ce65234da65,2025-01,7,1500,1500,1500
Gujarat,Gandhinagar,"Kalol (Veg,Market,Kalol)",Tomato,Other,FAQ,4e283ce65234da65,2025-02,1,500,500,500
Gujarat,Gandhinagar,"Kalol (Veg,Market,Kalol)",Tomato,Other,FAQ,4e283ce65234da65,2025-07,1,2000,2000,2000
Gujarat,Gandhinagar,"Kalol (Veg,Market,Kalol) APMC",Tomato,Other,Local,45d89e3586c376d2,2025-12,6,2125,2000,2437.5
Gujarat,Gandhinagar,Mansa (Manas Veg Yard),Potato,Other,FAQ,1aece3e276831a6b,2024-01,1,1200,1200,1200
Gujarat,Gandhinagar,Mansa (Manas Veg Yard),Potato,Other,FAQ,1aece3e276831a6b,2024-02,5,1000,1000,1200
Gujarat,Gandhinagar,Mansa (Manas Veg Yard),Potato,Other,FAQ,1aece3e276831a6b,2024-03,6,1100,1000,1425
Gujarat,Gandhinagar,Mansa (Manas Veg Yard),Potato,Other,FAQ,1aece3e276831a6b,2025-02,6,1000,1000,1000
Gujarat,Gandhinagar,Mansa (Manas Veg Yard),Potato,Other,FAQ,1aece3e276831a6b,2025-03,1,1000,1000,1000
Gujarat,Gandhinagar,Mansa (Manas Veg Yard),Potato,Other,FAQ,1aece3e276831a6b,2025-04,1,1500,1500,1500
Gujarat,Gandhinagar,Mansa (Manas Veg Yard),Potato,Other,FAQ,1aece3e276831a6b,2025-09,2,800,800,800
Gujarat,Gandhinagar,Mansa (Manas Veg Yard),Tomato,Other,FAQ,c802884d68e9f5cc,2024-01,18,1200,1125,2000
Gujarat,Gandhinagar,Mansa (Manas Veg Yard),Tomato,Other,FAQ,c802884d68e9f5cc,2024-02,22,2250,2000,2500
Gujarat,Gandhinagar,Mansa (Manas Veg Yard),Tomato,Other,FAQ,c802884d68e9f5cc,2024-03,19,1500,1200,1500
Gujarat,Gandhinagar,Mansa (Manas Veg Yard),Tomato,Other,FAQ,c802884d68e9f5cc,2024-04,21,1000,800,1200
Gujarat,Gandhinagar,Mansa (Manas Veg Yard),Tomato,Other,FAQ,c802884d68e9f5cc,2024-05,24,2000,2000,2212.5
Gujarat,Gandhinagar,Mansa (Manas Veg Yard),Tomato,Other,FAQ,c802884d68e9f5cc,2024-06,24,3000,2687.5,3500
Gujarat,Gandhinagar,Mansa (Manas Veg Yard),Tomato,Other,FAQ,c802884d68e9f5cc,2024-07,25,6000,4500,6000
Gujarat,Gandhinagar,Mansa (Manas Veg Yard),Tomato,Other,FAQ,c802884d68e9f5cc,2024-08,17,3500,3000,4000
Gujarat,Gandhinagar,Mansa (Manas Veg Yard),Tomato,Other,FAQ,c802884d68e9f5cc,2024-09,16,2650,2500,4000
Gujarat,Gandhinagar,Mansa (Manas Veg Yard),Tomato,Other,FAQ,c802884d68e9f5cc,2024-10,21,6000,5000,6000
Gujarat,Gandhinagar,Mansa (Manas Veg Yard),Tomato,Other,FAQ,c802884d68e9f5cc,2024-11,17,3500,3500,3500
Gujarat,Gandhinagar,Mansa (Manas Veg Yard),Tomato,Other,FAQ,c802884d68e9f5cc,2024-12,21,2500,2200,2750
Gujarat,Gandhinagar,Mansa (Manas Veg Yard),Tomato,Other,FAQ,c802884d68e9f5cc,2025-01,22,1125,600,1200
Gujarat,Gandhinagar,Mansa (Manas Veg Yard),Tomato,Other,FAQ,c802884d68e9f5cc,2025-02,21,600,500,700
Gujarat,Gandhinagar,Mansa (Manas Veg Yard),Tomato,Other,FAQ,c802884d68e9f5cc,2025-03,24,600,500,725
Gujarat,Gandhinagar,Mansa (Manas Veg Yard),Tomato,Other,FAQ,c802884d68e9f5cc,2025-04,20,1000,800,1000
Gujarat,Gandhinagar,Mansa (Manas Veg Yard),Tomato,Other,FAQ,c802884d68e9f5cc,2025-05,22,1500,1350,1500
Gujarat,Gandhinagar,Mansa (Manas Veg Yard),Tomato,Other,FAQ,c802884d68e9f5cc,2025-06,25,2500,2500,3000
Gujarat,Gandhinagar,Mansa (Manas Veg Yard),Tomato,Other,FAQ,c802884d68e9f5cc,2025-07,22,3100,3000,4000
Gujarat,Gandhinagar,Mansa (Manas Veg Yard),Tomato,Other,FAQ,c802884d68e9f5cc,2025-08,21,5000,4000,5200
Gujarat,Gandhinagar,Mansa (Manas Veg Yard),Tomato,Other,FAQ,c802884d68e9f5cc,2025-09,23,2000,1500,2500
Gujarat,Gandhinagar,Mansa (Manas Veg Yard),Tomato,Other,FAQ,c802884d68e9f5cc,2025-10,16,2000,1800,2500
Gujarat,Gandhinagar,Mansa (Manas Veg Yard),Tomato,Other,FAQ,c802884d68e9f5cc,2025-11,1,1000,1000,1000
Gujarat,Gandhinagar,Mansa (Manas Veg Yard) APMC,Tomato,Tomato,Local,a737765b868e4446,2025-12,7,3500,2750,4000
Gujarat,Gir Somnath,Talalagir,Tomato,Other,FAQ,215fbcf77f7ba2bb,2024-01,20,2500,2500,2625
Gujarat,Gir Somnath,Talalagir,Tomato,Other,FAQ,215fbcf77f7ba2bb,2024-02,23,3500,3000,4000
Gujarat,Gir Somnath,Talalagir,Tomato,Other,FAQ,215fbcf77f7ba2bb,2024-03,19,3500,3500,4250
Gujarat,Gir Somnath,Talalagir,Tomato,Other,FAQ,215fbcf77f7ba2bb,2024-04,17,3000,2500,4000
Gujarat,Gir Somnath,Talalagir,Tomato,Other,FAQ,215fbcf77f7ba2bb,2024-05,26,3250,2625,4000
Gujarat,Gir Somnath,Talalagir,Tomato,Other,FAQ,215fbcf77f7ba2bb,2024-06,21,4000,3500,5500
Gujarat,Gir Somnath,Talalagir,Tomato,Other,FAQ,215fbcf77f7ba2bb,2024-07,24,7000,6000,8125
Gujarat,Gir Somnath,Talalagir,Tomato,Other,FAQ,215fbcf77f7ba2bb,2024-08,22,5000,4500,6000
Gujarat,Gir Somnath,Talalagir,Tomato,Other,FAQ,215fbcf77f7ba2bb,2024-09,19,4000,4000,5000
Gujarat,Gir Somnath,Talalagir,Tomato,Other,FAQ,215fbcf77f7ba2bb,2024-10,18,3000,3000,4000
Gujarat,Gir Somnath,Talalagir,Tomato,Other,FAQ,215fbcf77f7ba2bb,2024-11,19,3500,3000,4000
Gujarat,Gir Somnath,Talalagir,Tomato,Other,FAQ,215fbcf77f7ba2bb,2024-12,19,3000,3000,3500
Gujarat,Gir Somnath,Talalagir,Tomato,Other,FAQ,215fbcf77f7ba2bb,2025-01,21,2500,2000,3000
Gujarat,Gir Somnath,Talalagir,Tomato,Other,FAQ,215fbcf77f7ba2bb,2025-02,6,2000,1250,2000
Gujarat,Gir Somnath,Talalagir,Tomato,Other,FAQ,215fbcf77f7ba2bb,2025-03,19,2000,2000,2000
Gujarat,Gir Somnath,Talalagir,Tomato,Other,FAQ,215fbcf77f7ba2bb,2025-04,20,1800,1800,2000
Gujarat,Gir Somnath,Talalagir,Tomato,Other,FAQ,215fbcf77f7ba2bb,2025-05,16,2000,2000,2500
Gujarat,Gir Somnath,Talalagir,Tomato,Other,FAQ,215fbcf77f7ba2bb,2025-06,21,2000,2000,2500
Gujarat,Gir Somnath,Talalagir,Tomato,Other,FAQ,215fbcf77f7ba2bb,2025-07,26,3000,3000,3000
Gujarat,Gir Somnath,Talalagir,Tomato,Other,FAQ,215fbcf77f7ba2bb,2025-08,20,3000,2000,4000
Gujarat,Gir Somnath,Talalagir,Tomato,Other,FAQ,215fbcf77f7ba2bb,2025-09,21,3000,2500,3500
Gujarat,Gir Somnath,Talalagir,Tomato,Other,FAQ,215fbcf77f7ba2bb,2025-10,14,2500,2000,3000
Gujarat,Gir Somnath,Talalagir,Tomato,Other,FAQ,215fbcf77f7ba2bb,2025-11,3,3000,2500,3250
Gujarat,Gir Somnath,Talalagir,Tomato,Other,Non-FAQ,2e3050aa14061921,2025-01,2,2000,2000,2000
Gujarat,Gir Somnath,Talalagir,Tomato,Other,Non-FAQ,2e3050aa14061921,2025-02,1,2500,2500,2500
Gujarat,Gir Somnath,Talalagir APMC,Tomato,Hybrid,FAQ,ec1c9f9b9de8c402,2025-12,5,1800,1700,1900
Gujarat,Gir Somnath,Una,Onion,Red,FAQ,b476fb7ef100ed13,2024-02,7,1150,1040,1375
Gujarat,Gir Somnath,Una,Onion,Red,FAQ,b476fb7ef100ed13,2025-04,1,790,790,790
Gujarat,Gir Somnath,Una,Onion,White,FAQ,c9aa169b3da5977e,2024-02,2,1345,1277.5,1412.5
Gujarat,Jamnagar,Jamnagar,Onion,Other,FAQ,af928f17e1590fd1,2024-01,14,1275,1050,1406.25
Gujarat,Jamnagar,Jamnagar,Onion,Other,FAQ,af928f17e1590fd1,2024-02,19,1125,925,1337.5
Gujarat,Jamnagar,Jamnagar,Onion,Other,FAQ,af928f17e1590fd1,2024-03,14,1100,942.5,1213.25
Gujarat,Jamnagar,Jamnagar,Onion,Other,FAQ,af928f17e1590fd1,2024-04,21,825,820,890
Gujarat,Jamnagar,Jamnagar,Onion,Other,FAQ,af928f17e1590fd1,2024-05,25,1075,975,1125
Gujarat,Jamnagar,Jamnagar,Onion,Other,FAQ,af928f17e1590fd1,2024-06,22,1985,1498.75,2050
Gujarat,Jamnagar,Jamnagar,Onion,Other,FAQ,af928f17e1590fd1,2024-07,24,1950,1850,1978.75
Gujarat,Jamnagar,Jamnagar,Onion,Other,FAQ,af928f17e1590fd1,2024-08,12,2050,1968.75,2456.25
Gujarat,Jamnagar,Jamnagar,Onion,Other,FAQ,af928f17e1590fd1,2024-09,22,2950,2856.25,3125
Gujarat,Jamnagar,Jamnagar,Onion,Other,FAQ,af928f17e1590fd1,2024-10,21,2935,2875,3050
Gujarat,Jamnagar,Jamnagar,Onion,Other,FAQ,af928f17e1590fd1,2024-11,22,2650,2400,2797.25
Gujarat,Jamnagar,Jamnagar,Onion,Other,FAQ,af928f17e1590fd1,2024-12,20,2200,1425,2556.25
Gujarat,Jamnagar,Jamnagar,Onion,Other,FAQ,af928f17e1590fd1,2025-01,11,1675,1625,1677.5
Gujarat,Jamnagar,Jamnagar,Onion,Other,FAQ,af928f17e1590fd1,2025-02,23,1625,1531.5,1850
Gujarat,Jamnagar,Jamnagar,Onion,Other,FAQ,af928f17e1590fd1,2025-03,15,1550,1387.5,1737.5
Gujarat,Jamnagar,Jamnagar,Onion,Other,FAQ,af928f17e1590fd1,2025-04,22,825,725,943.75
Gujarat,Jamnagar,Jamnagar,Onion,Other,FAQ,af928f17e1590fd1,2025-05,23,750,587.5,837.5
Gujarat,Jamnagar,Jamnagar,Onion,Other,FAQ,af928f17e1590fd1,2025-06,20,875,820,925
Gujarat,Jamnagar,Jamnagar,Onion,Other,FAQ,af928f17e1590fd1,2025-07,24,825,762.5,875
Gujarat,Jamnagar,Jamnagar,Onion,Other,FAQ,af928f17e1590fd1,2025-08,16,925,831.25,1050
Gujarat,Jamnagar,Jamnagar,Onion,Other,FAQ,af928f17e1590fd1,2025-09,15,775,750,850
Gujarat,Jamnagar,Jamnagar,Onion,Other,FAQ,af928f17e1590fd1,2025-10,11,875,825,925
Gujarat,Jamnagar,Jamnagar,Onion,Other,FAQ,af928f17e1590fd1,2025-11,3,775,762.5,850
Gujarat,Jamnagar,Jamnagar APMC,Onion,Other,Local,24b0eb955db534ee,2025-12,6,850,640,970
Gujarat,Junagarh,Visavadar,Onion,Onion,FAQ,071c4a9cc30e1ad3,2024-01,25,915,830,990
Gujarat,Junagarh,Visavadar,Onion,Onion,FAQ,071c4a9cc30e1ad3,2024-02,22,640,586.25,777.5
Gujarat,Junagarh,Visavadar,Onion,Onion,FAQ,071c4a9cc30e1ad3,2024-03,15,790,735,842.5
Gujarat,Junagarh,Visavadar,Onion,Onion,FAQ,071c4a9cc30e1ad3,2024-04,15,740,617.5,822.5
Gujarat,Junagarh,Visavadar,Onion,Onion,FAQ,071c4a9cc30e1ad3,2024-05,21,640,600,740
Gujarat,Junagarh,Visavadar,Onion,Onion,FAQ,071c4a9cc30e1ad3,2024-06,19,1040,897.5,1477.5
Gujarat,Junagarh,Visavadar,Onion,Onion,FAQ,071c4a9cc30e1ad3,2024-07,19,1215,1085,1455
Gujarat,Junagarh,Visavadar,Onion,Onion,FAQ,071c4a9cc30e1ad3,2024-08,8,2702.5,2615,2721.25
Gujarat,Junagarh,Visavadar,Onion,Onion,FAQ,071c4a9cc30e1ad3,2024-09,14,2927.5,2590,3187.5
Gujarat,Junagarh,Visavadar,Onion,Onion,FAQ,071c4a9cc30e1ad3,2024-10,12,2487.5,2052.5,2733.75
Gujarat,Junagarh,Visavadar,Onion,Onion,FAQ,071c4a9cc30e1ad3,2024-11,19,1315,1175,1552.5
Gujarat,Junagarh,Visavadar,Onion,Onion,FAQ,071c4a9cc30e1ad3,2024-12,24,1410,1093.75,1682.5
Gujarat,Junagarh,Visavadar,Onion,Onion,FAQ,071c4a9cc30e1ad3,2025-01,20,1177.5,1087.5,1307.5
Gujarat,Junagarh,Visavadar,Onion,Onion,FAQ,071c4a9cc30e1ad3,2025-02,18,1297.5,1165,1492.5
Gujarat,Junagarh,Visavadar,Onion,Onion,FAQ,071c4a9cc30e1ad3,2025-03,15,910,695,1002.5
Gujarat,Junagarh,Visavadar,Onion,Onion,FAQ,071c4a9cc30e1ad3,2025-04,16,502.5,358.75,706.25
Gujarat,Junagarh,Visavadar,Onion,Onion,FAQ,071c4a9cc30e1ad3,2025-05,11,465,340,562.5
Gujarat,Junagarh,Visavadar,Onion,Onion,FAQ,071c4a9cc30e1ad3,2025-06,9,415,365,470
Gujarat,Junagarh,Visavadar,Onion,Onion,FAQ,071c4a9cc30e1ad3,2025-07,16,487.5,315,546.25
Gujarat,Junagarh,Visavadar,Onion,Onion,FAQ,071c4a9cc30e1ad3,2025-08,7,565,527.5,692.5
Gujarat,Junagarh,Visavadar,Onion,Onion,FAQ,071c4a9cc30e1ad3,2025-09,11,565,457.5,665
Gujarat,Junagarh,Visavadar,Onion,Onion,FAQ,071c4a9cc30e1ad3,2025-10,5,615,475,625
Gujarat,Junagarh,Visavadar,Onion,Onion,FAQ,071c4a9cc30e1ad3,2025-11,1,1000,1000,1000
Gujarat,Junagarh,Visavadar APMC,Onion,Onion,FAQ,4cf53aa301ef4fc0,2025-12,8,482.5,373.75,708.75
Gujarat,Kachchh,Bhuj,Onion,Small,FAQ,fcccd22d7e16e265,2024-01,23,1850,1450,1850
Gujarat,Kachchh,Bhuj,Onion,Small,FAQ,fcccd22d7e16e265,2024-02,23,1400,1300,2000
Gujarat,Kachchh,Bhuj,Onion,Small,FAQ,fcccd22d7e16e265,2024-03,19,2050,2000,2050
Gujarat,Kachchh,Bhuj,Onion,Small,FAQ,fcccd22d7e16e265,2024-04,17,2000,2000,2000
Gujarat,Kachchh,Bhuj,Onion,Small,FAQ,fcccd22d7e16e265,2024-05,18,1500,1462.5,1787.5
Gujarat,Kachchh,Bhuj,Onion,Small,FAQ,fcccd22d7e16e265,2024-06,19,2850,2750,3000
Gujarat,Kachchh,Bhuj,Onion,Small,FAQ,fcccd22d7e16e265,2024-07,26,2800,2750,3112.5
Gujarat,Kachchh,Bhuj,Onion,Small,FAQ,fcccd22d7e16e265,2024-08,20,3400,2712.5,3425
Gujarat,Kachchh,Bhuj,Onion,Small,FAQ,fcccd22d7e16e265,2024-09,21,4750,4500,4750
Gujarat,Kachchh,Bhuj,Onion,Small,FAQ,fcccd22d7e16e265,2024-10,21,4500,4500,4500
Gujarat,Kachchh,Bhuj,Onion,Small,FAQ,fcccd22d7e16e265,2024-11,16,4875,4512.5,5312.5
Gujarat,Kachchh,Bhuj,Onion,Small,FAQ,fcccd22d7e16e265,2024-12,22,4000,2400,4000
Gujarat,Kachchh,Bhuj,Onion,Small,FAQ,fcccd22d7e16e265,2025-01,16,2400,2100,2600
Gujarat,Kachchh,Bhuj,Onion,Small,FAQ,fcccd22d7e16e265,2025-02,20,2500,2187.5,3000
Gujarat,Kachchh,Bhuj,Onion,Small,FAQ,fcccd22d7e16e265,2025-03,16,2125,1825,2250
Gujarat,Kachchh,Bhuj,Onion,Small,FAQ,fcccd22d7e16e265,2025-04,18,1375,1000,1475
Gujarat,Kachchh,Bhuj,Onion,Small,FAQ,fcccd22d7e16e265,2025-05,25,1100,950,1100
Gujarat,Kachchh,Bhuj,Onion,Small,FAQ,fcccd22d7e16e265,2025-06,23,1750,1325,1750
Gujarat,Kachchh,Bhuj,Onion,Small,FAQ,fcccd22d7e16e265,2025-07,23,1650,1525,1650
Gujarat,Kachchh,Bhuj,Onion,Small,FAQ,fcccd22d7e16e265,2025-08,17,1750,1450,1850
Gujarat,Kachchh,Bhuj,Onion,Small,FAQ,fcccd22d7e16e265,2025-09,13,1350,1350,1550
Gujarat,Kachchh,Bhuj,Onion,Small,FAQ,fcccd22d7e16e265,2025-10,10,1300,1300,1350
Gujarat,Kachchh,Bhuj,Potato,Desi,FAQ,bdffd1ddb3fcb8f6,2024-01,25,1100,1050,1550
Gujarat,Kachchh,Bhuj,Potato,Desi,FAQ,bdffd1ddb3fcb8f6,2024-02,23,1250,1150,1425
Gujarat,Kachchh,Bhuj,Potato,Desi,FAQ,bdffd1ddb3fcb8f6,2024-03,19,1450,1450,1550
Gujarat,Kachchh,Bhuj,Potato,Desi,FAQ,bdffd1ddb3fcb8f6,2024-04,17,2250,2250,2250
Gujarat,Kachchh,Bhuj,Potato,Desi,FAQ,bdffd1ddb3fcb8f6,2024-05,19,2250,2250,2350
Gujarat,Kachchh,Bhuj,Potato,Desi,FAQ,bdffd1ddb3fcb8f6,2024-06,19,2750,2750,2950
Gujarat,Kachchh,Bhuj,Potato,Desi,FAQ,bdffd1ddb3fcb8f6,2024-07,26,2750,2750,2750
Gujarat,Kachchh,Bhuj,Potato,Desi,FAQ,bdffd1ddb3fcb8f6,2024-08,22,2750,2750,2750
Gujarat,Kachchh,Bhuj,Potato,Desi,FAQ,bdffd1ddb3fcb8f6,2024-09,21,3000,3000,3150
Gujarat,Kachchh,Bhuj,Potato,Desi,FAQ,bdffd1ddb3fcb8f6,2024-10,21,3250,3250,3350
Gujarat,Kachchh,Bhuj,Potato,Desi,FAQ,bdffd1ddb3fcb8f6,2024-11,16,3150,3150,3150
Gujarat,Kachchh,Bhuj,Potato,Desi,FAQ,bdffd1ddb3fcb8f6,2024-12,23,3150,2500,3150
Gujarat,Kachchh,Bhuj,Potato,Desi,FAQ,bdffd1ddb3fcb8f6,2025-01,16,2225,2100,2500
Gujarat,Kachchh,Bhuj,Potato,Desi,FAQ,bdffd1ddb3fcb8f6,2025-02,20,1250,1250,1250
Gujarat,Kachchh,Bhuj,Potato,Desi,FAQ,bdffd1ddb3fcb8f6,2025-03,16,1150,1150,1150
Gujarat,Kachchh,Bhuj,Potato,Desi,FAQ,bdffd1ddb3fcb8f6,2025-04,19,1450,1325,1500
Gujarat,Kachchh,Bhuj,Potato,Desi,FAQ,bdffd1ddb3fcb8f6,2025-05,25,1600,1600,1600
Gujarat,Kachchh,Bhuj,Potato,Desi,FAQ,bdffd1ddb3fcb8f6,2025-06,23,1550,1550,1600
Gujarat,Kachchh,Bhuj,Potato,Desi,FAQ,bdffd1ddb3fcb8f6,2025-07,23,1550,1550,1550
Gujarat,Kachchh,Bhuj,Potato,Desi,FAQ,bdffd1ddb3fcb8f6,2025-08,18,1750,1550,1750
Gujarat,Kachchh,Bhuj,Potato,Desi,FAQ,bdffd1ddb3fcb8f6,2025-09,15,1850,1775,1850
Gujarat,Kachchh,Bhuj,Potato,Desi,FAQ,bdffd1ddb3fcb8f6,2025-10,12,2000,1950,2012.5
Gujarat,Kachchh,Bhuj,Potato,Desi,FAQ,bdffd1ddb3fcb8f6,2025-11,1,2300,2300,2300
Gujarat,Kachchh,Bhuj APMC,Onion,Small,FAQ,5c755080ffa699e3,2025-12,10,1500,1500,1637.5
Gujarat,Kachchh,Bhuj APMC,Potato,Desi,FAQ,ca8fcf9fb85caab1,2025-12,9,2000,2000,2000
Gujarat,Kachchh,K.Mandvi,Potato,(Red Nanital),FAQ,e93b8e0286cdc414,2025-10,7,1700,1675,1725
Gujarat,Kachchh,K.Mandvi,Potato,(Red Nanital),FAQ,e93b8e0286cdc414,2025-11,3,2000,1975,2000
Gujarat,Kachchh,K.Mandvi,Tomato,Deshi,FAQ,f366330e016a1ec8,2025-09,10,2000,2000,2587.5
Gujarat,Kachchh,K.Mandvi,Tomato,Deshi,FAQ,f366330e016a1ec8,2025-10,14,2125,1350,3000
Gujarat,Kachchh,K.Mandvi,Tomato,Deshi,FAQ,f366330e016a1ec8,2025-11,3,1900,1875,2000
Gujarat,Kachchh,Mundra,Onion,Local,FAQ,e0c3cdeb3986093d,2024-07,8,3500,3300,3600
Gujarat,Kachchh,Mundra,Onion,Local,FAQ,e0c3cdeb3986093d,2024-08,5,3300,3200,3300
Gujarat,Kachchh,Mundra,Potato,Desi,FAQ,1795766ea444195f,2024-07,3,2600,2575,2650
Gujarat,Kachchh,Mundra,Potato,Desi,FAQ,1795766ea444195f,2024-08,7,2600,2600,2650
Gujarat,Kachchh,Mundra,Tomato,Deshi,FAQ,2da73a79af45d1d6,2024-07,8,6750,4500,7125
Gujarat,Kachchh,Mundra,Tomato,Deshi,FAQ,2da73a79af45d1d6,2024-08,6,3500,3275,3725
Gujarat,Kheda,Kapadvanj,Onion,Other,FAQ,a71c104fe631e8bb,2024-01,18,1875,1850,2375
Gujarat,Kheda,Kapadvanj,Onion,Other,FAQ,a71c104fe631e8bb,2024-02,17,1250,1000,1375
Gujarat,Kheda,Kapadvanj,Onion,Other,FAQ,a71c104fe631e8bb,2024-03,16,1487.5,1375,1606.25
Gujarat,Kheda,Kapadvanj,Onion,Other,FAQ,a71c104fe631e8bb,2024-04,15,1400,1400,1750
Gujarat,Kheda,Kapadvanj,Onion,Other,FAQ,a71c104fe631e8bb,2024-05,29,1800,1425,1852
Gujarat,Kheda,Kapadvanj,Onion,Other,FAQ,a71c104fe631e8bb,2024-06,25,2125,2125,2350
Gujarat,Kheda,Kapadvanj,Onion,Other,FAQ,a71c104fe631e8bb,2024-07,25,2625,2500,2700
Gujarat,Kheda,Kapadvanj,Onion,Other,FAQ,a71c104fe631e8bb,2024-08,21,2850,2625,3200
Gujarat,Kheda,Kapadvanj,Onion,Other,FAQ,a71c104fe631e8bb,2024-09,28,4000,3550,4500
Gujarat,Kheda,Kapadvanj,Onion,Other,FAQ,a71c104fe631e8bb,2024-10,27,3800,3500,4700
Gujarat,Kheda,Kapadvanj,Onion,Other,FAQ,a71c104fe631e8bb,2024-11,24,4200,3500,4200
Gujarat,Kheda,Kapadvanj,Onion,Other,FAQ,a71c104fe631e8bb,2024-12,27,2700,1975,2950
Gujarat,Kheda,Kapadvanj,Onion,Other,FAQ,a71c104fe631e8bb,2025-01,24,1950,1900,1950
Gujarat,Kheda,Kapadvanj,Onion,Other,FAQ,a71c104fe631e8bb,2025-02,25,2100,2000,2400
Gujarat,Kheda,Kapadvanj,Onion,Other,FAQ,a71c104fe631e8bb,2025-03,25,1700,1650,2100
Gujarat,Kheda,Kapadvanj,Onion,Other,FAQ,a71c104fe631e8bb,2025-04,25,1075,1025,1300
Gujarat,Kheda,Kapadvanj,Onion,Other,FAQ,a71c104fe631e8bb,2025-05,31,1000,1000,1125
Gujarat,Kheda,Kapadvanj,Onion,Other,FAQ,a71c104fe631e8bb,2025-06,29,1500,1150,1500
Gujarat,Kheda,Kapadvanj,Onion,Other,FAQ,a71c104fe631e8bb,2025-07,30,1450,1350,1450
Gujarat,Kheda,Kapadvanj,Onion,Other,FAQ,a71c104fe631e8bb,2025-08,24,1400,1300,1400
Gujarat,Kheda,Kapadvanj,Onion,Other,FAQ,a71c104fe631e8bb,2025-09,24,1300,1300,1400
Gujarat,Kheda,Kapadvanj,Onion,Other,FAQ,a71c104fe631e8bb,2025-10,15,1200,1150,1225
Gujarat,Kheda,Kapadvanj,Onion,Other,FAQ,a71c104fe631e8bb,2025-11,2,1150,1150,1150
Gujarat,Kheda,Kapadvanj,Potato,Other,FAQ,d6e713530bb54f8c,2024-01,18,1050,1050,1162.5
Gujarat,Kheda,Kapadvanj,Potato,Other,FAQ,d6e713530bb54f8c,2024-02,18,1000,875,1087.5
Gujarat,Kheda,Kapadvanj,Potato,Other,FAQ,d6e713530bb54f8c,2024-03,16,1100,1062.5,1125
Gujarat,Kheda,Kapadvanj,Potato,Other,FAQ,d6e713530bb54f8c,2024-04,15,2075,1500,2075
Gujarat,Kheda,Kapadvanj,Potato,Other,FAQ,d6e713530bb54f8c,2024-05,29,1900,1800,1905
Gujarat,Kheda,Kapadvanj,Potato,Other,FAQ,d6e713530bb54f8c,2024-06,25,1950,1950,2250
Gujarat,Kheda,Kapadvanj,Potato,Other,FAQ,d6e713530bb54f8c,2024-07,27,2200,2100,2250
Gujarat,Kheda,Kapadvanj,Potato,Other,FAQ,d6e713530bb54f8c,2024-08,22,2225,2143.75,2418.75
Gujarat,Kheda,Kapadvanj,Potato,Other,FAQ,d6e713530bb54f8c,2024-09,30,2300,2250,2350
Gujarat,Kheda,Kapadvanj,Potato,Other,FAQ,d6e713530bb54f8c,2024-10,29,2650,2500,2750
Gujarat,Kheda,Kapadvanj,Potato,Other,FAQ,d6e713530bb54f8c,2024-11,24,2500,2500,2500
Gujarat,Kheda,Kapadvanj,Potato,Other,FAQ,d6e713530bb54f8c,2024-12,30,2350,2205,2350
Gujarat,Kheda,Kapadvanj,Potato,Other,FAQ,d6e713530bb54f8c,2025-01,26,1200,1200,1575
Gujarat,Kheda,Kapadvanj,Potato,Other,FAQ,d6e713530bb54f8c,2025-02,25,950,900,1000
Gujarat,Kheda,Kapadvanj,Potato,Other,FAQ,d6e713530bb54f8c,2025-03,27,800,750,900
Gujarat,Kheda,Kapadvanj,Potato,Other,FAQ,d6e713530bb54f8c,2025-04,26,1070,1050,1075
Gujarat,Kheda,Kapadvanj,Potato,Other,FAQ,d6e713530bb54f8c,2025-05,31,1175,1175,1225
Gujarat,Kheda,Kapadvanj,Potato,Other,FAQ,d6e713530bb54f8c,2025-06,29,1175,1175,1200
Gujarat,Kheda,Kapadvanj,Potato,Other,FAQ,d6e713530bb54f8c,2025-07,30,1150,1150,1150
Gujarat,Kheda,Kapadvanj,Potato,Other,FAQ,d6e713530bb54f8c,2025-08,25,1100,1000,1150
Gujarat,Kheda,Kapadvanj,Potato,Other,FAQ,d6e713530bb54f8c,2025-09,25,1150,1120,1175
Gujarat,Kheda,Kapadvanj,Potato,Other,FAQ,d6e713530bb54f8c,2025-10,11,1450,1250,1450
Gujarat,Kheda,Kapadvanj,Potato,Other,FAQ,d6e713530bb54f8c,2025-11,2,1200,1200,1200
Gujarat,Kheda,Kapadvanj,Tomato,Other,FAQ,d1d741904e0897f0,2024-01,19,1125,875,1250
Gujarat,Kheda,Kapadvanj,Tomato,Other,FAQ,d1d741904e0897f0,2024-02,18,1625,1500,2000
Gujarat,Kheda,Kapadvanj,Tomato,Other,FAQ,d1d741904e0897f0,2024-03,15,800,725,837.5
Gujarat,Kheda,Kapadvanj,Tomato,Other,FAQ,d1d741904e0897f0,2024-04,15,750,600,750
Gujarat,Kheda,Kapadvanj,Tomato,Other,FAQ,d1d741904e0897f0,2024-05,29,1250,1100,1425
Gujarat,Kheda,Kapadvanj,Tomato,Other,FAQ,d1d741904e0897f0,2024-06,25,2750,2750,3250
Gujarat,Kheda,Kapadvanj,Tomato,Other,FAQ,d1d741904e0897f0,2024-07,26,5200,4500,5200
Gujarat,Kheda,Kapadvanj,Tomato,Other,FAQ,d1d741904e0897f0,2024-08,22,3125,2250,3500
Gujarat,Kheda,Kapadvanj,Tomato,Other,FAQ,d1d741904e0897f0,2024-09,29,2100,1900,3200
Gujarat,Kheda,Kapadvanj,Tomato,Other,FAQ,d1d741904e0897f0,2024-10,28,4150,4000,4700
Gujarat,Kheda,Kapadvanj,Tomato,Other,FAQ,d1d741904e0897f0,2024-11,23,2600,2250,2700
Gujarat,Kheda,Kapadvanj,Tomato,Other,FAQ,d1d741904e0897f0,2024-12,28,2250,2062.5,2700
Gujarat,Kheda,Kapadvanj,Tomato,Other,FAQ,d1d741904e0897f0,2025-01,27,875,350,962.5
Gujarat,Kheda,Kapadvanj,Tomato,Other,FAQ,d1d741904e0897f0,2025-02,25,270,250,300
Gujarat,Kheda,Kapadvanj,Tomato,Other,FAQ,d1d741904e0897f0,2025-03,27,300,210,350
Gujarat,Kheda,Kapadvanj,Tomato,Other,FAQ,d1d741904e0897f0,2025-04,26,475,400,662.5
Gujarat,Kheda,Kapadvanj,Tomato,Other,FAQ,d1d741904e0897f0,2025-05,29,1550,1250,1625
Gujarat,Kheda,Kapadvanj,Tomato,Other,FAQ,d1d741904e0897f0,2025-06,28,2750,2250,2750
Gujarat,Kheda,Kapadvanj,Tomato,Other,FAQ,d1d741904e0897f0,2025-07,30,3625,2750,3650
Gujarat,Kheda,Kapadvanj,Tomato,Other,FAQ,d1d741904e0897f0,2025-08,25,4200,3200,4625
Gujarat,Kheda,Kapadvanj,Tomato,Other,FAQ,d1d741904e0897f0,2025-09,27,1625,1287.5,2600
Gujarat,Kheda,Kapadvanj,Tomato,Other,FAQ,d1d741904e0897f0,2025-10,18,2000,1625,2093.75
Gujarat,Kheda,Kapadvanj,Tomato,Other,FAQ,d1d741904e0897f0,2025-11,1,1150,1150,1150
Gujarat,Kheda,Kapadvanj APMC,Onion,Onion,Grade A,cdd7e1828394e7b5,2025-12,10,1087.5,862.5,1275
Gujarat,Kheda,Kapadvanj APMC,Potato,Potato,Grade A,0e4b09de6bace062,2025-12,8,1450,1450,1462.5
Gujarat,Kheda,Kapadvanj APMC,Tomato,Tomato,Grade A,9ed4d65e3ec97933,2025-12,3,2750,2437.5,3250
Gujarat,Kheda,Nadiad,Onion,Other,FAQ,32adc2eafe11a820,2024-02,1,3000,3000,3000
Gujarat,Kheda,Nadiad,Onion,Other,FAQ,32adc2eafe11a820,2024-06,1,2200,2200,2200
Gujarat,Kheda,Nadiad,Onion,Other,FAQ,32adc2eafe11a820,2024-10,1,6000,6000,6000
Gujarat,Kheda,Nadiad,Onion,Other,FAQ,32adc2eafe11a820,2024-12,1,2900,2900,2900
Gujarat,Kheda,Nadiad,Onion,Other,FAQ,32adc2eafe11a820,2025-02,1,1550,1550,1550
Gujarat,Kheda,Nadiad,Onion,Other,Non-FAQ,a02acb0949bc8d87,2025-02,1,1300,1300,1300
Gujarat,Kheda,Nadiad,Potato,Other,FAQ,b234d23022016cae,2024-01,21,1200,1000,1350
Gujarat,Kheda,Nadiad,Potato,Other,FAQ,b234d23022016cae,2024-02,20,1400,1350,1500
Gujarat,Kheda,Nadiad,Potato,Other,FAQ,b234d23022016cae,2024-03,22,1425,1350,1600
Gujarat,Kheda,Nadiad,Potato,Other,FAQ,b234d23022016cae,2024-04,22,1600,1600,1637.5
Gujarat,Kheda,Nadiad,Potato,Other,FAQ,b234d23022016cae,2024-05,25,1750,1600,1800
Gujarat,Kheda,Nadiad,Potato,Other,FAQ,b234d23022016cae,2024-06,24,2200,1800,2400
Gujarat,Kheda,Nadiad,Potato,Other,FAQ,b234d23022016cae,2024-07,26,2625,2400,2900
Gujarat,Kheda,Nadiad,Potato,Other,FAQ,b234d23022016cae,2024-08,24,3000,2700,3300
Gujarat,Kheda,Nadiad,Potato,Other,FAQ,b234d23022016cae,2024-09,24,3450,3300,3600
Gujarat,Kheda,Nadiad,Potato,Other,FAQ,b234d23022016cae,2024-10,24,2800,2637.5,2850
Gujarat,Kheda,Nadiad,Potato,Other,FAQ,b234d23022016cae,2024-11,24,2700,2600,2750
Gujarat,Kheda,Nadiad,Potato,Other,FAQ,b234d23022016cae,2024-12,25,2500,2400,2600
Gujarat,Kheda,Nadiad,Potato,Other,FAQ,b234d23022016cae,2025-01,26,2325,2212.5,2400
Gujarat,Kheda,Nadiad,Potato,Other,FAQ,b234d23022016cae,2025-02,23,1500,1450,1575
Gujarat,Kheda,Nadiad,Potato,Other,FAQ,b234d23022016cae,2025-03,25,1350,1250,1450
Gujarat,Kheda,Nadiad,Potato,Other,FAQ,b234d23022016cae,2025-04,25,1400,1350,1450
Gujarat,Kheda,Nadiad,Potato,Other,FAQ,b234d23022016cae,2025-05,28,1450,1400,1500
Gujarat,Kheda,Nadiad,Potato,Other,FAQ,b234d23022016cae,2025-06,24,1450,1450,1537.5
Gujarat,Kheda,Nadiad,Potato,Other,FAQ,b234d23022016cae,2025-07,27,1500,1450,1575
Gujarat,Kheda,Nadiad,Potato,Other,FAQ,b234d23022016cae,2025-08,26,1650,1512.5,1737.5
Gujarat,Kheda,Nadiad,Potato,Other,FAQ,b234d23022016cae,2025-09,22,1700,1650,1750
Gujarat,Kheda,Nadiad,Potato,Other,FAQ,b234d23022016cae,2025-10,17,1800,1750,1900
Gujarat,Kheda,Nadiad,Potato,Other,FAQ,b234d23022016cae,2025-11,4,1850,1825,1862.5
Gujarat,Kheda,Nadiad,Potato,Other,Non-FAQ,7f843c4937cfe72f,2025-01,11,2150,1900,2200
Gujarat,Kheda,Nadiad,Potato,Other,Non-FAQ,7f843c4937cfe72f,2025-02,23,1200,1075,1237.5
Gujarat,Kheda,Nadiad,Potato,Other,Non-FAQ,7f843c4937cfe72f,2025-03,25,850,800,1050
Gujarat,Kheda,Nadiad,Potato,Other,Non-FAQ,7f843c4937cfe72f,2025-04,25,950,900,1150
Gujarat,Kheda,Nadiad,Potato,Other,Non-FAQ,7f843c4937cfe72f,2025-05,28,1100,950,1150
Gujarat,Kheda,Nadiad,Potato,Other,Non-FAQ,7f843c4937cfe72f,2025-06,24,1150,1100,1250
Gujarat,Kheda,Nadiad,Potato,Other,Non-FAQ,7f843c4937cfe72f,2025-07,27,1150,1100,1250
Gujarat,Kheda,Nadiad,Potato,Other,Non-FAQ,7f843c4937cfe72f,2025-08,26,1175,1100,1250
Gujarat,Kheda,Nadiad,Potato,Other,Non-FAQ,7f843c4937cfe72f,2025-09,22,1150,1100,1237.5
Gujarat,Kheda,Nadiad,Potato,Other,Non-FAQ,7f843c4937cfe72f,2025-10,19,1300,1200,1475
Gujarat,Kheda,Nadiad,Potato,Other,Non-FAQ,7f843c4937cfe72f,2025-11,2,1500,1475,1525
Gujarat,Kheda,Nadiad,Tomato,Other,FAQ,a30ed52a492b1ef7,2024-01,21,1350,1350,1450
Gujarat,Kheda,Nadiad,Tomato,Other,FAQ,a30ed52a492b1ef7,2024-02,18,1825,1675,2400
Gujarat,Kheda,Nadiad,Tomato,Other,FAQ,a30ed52a492b1ef7,2024-03,20,1600,1600,1750
Gujarat,Kheda,Nadiad,Tomato,Other,FAQ,a30ed52a492b1ef7,2024-04,21,1600,1400,1650
Gujarat,Kheda,Nadiad,Tomato,Other,FAQ,a30ed52a492b1ef7,2024-05,24,1600,1400,1600
Gujarat,Kheda,Nadiad,Tomato,Other,FAQ,a30ed52a492b1ef7,2024-06,23,2300,1850,2425
Gujarat,Kheda,Nadiad,Tomato,Other,FAQ,a30ed52a492b1ef7,2024-07,19,6500,3850,7100
Gujarat,Kheda,Nadiad,Tomato,Other,FAQ,a30ed52a492b1ef7,2024-08,22,5700,4012.5,6000
Gujarat,Kheda,Nadiad,Tomato,Other,FAQ,a30ed52a492b1ef7,2024-09,24,6000,5500,6525
Gujarat,Kheda,Nadiad,Tomato,Other,FAQ,a30ed52a492b1ef7,2024-10,23,5600,4900,5800
Gujarat,Kheda,Nadiad,Tomato,Other,FAQ,a30ed52a492b1ef7,2024-11,23,4400,4000,5325
Gujarat,Kheda,Nadiad,Tomato,Other,FAQ,a30ed52a492b1ef7,2024-12,24,2775,2400,3225
Gujarat,Kheda,Nadiad,Tomato,Other,FAQ,a30ed52a492b1ef7,2025-01,26,2200,2100,2350
Gujarat,Kheda,Nadiad,Tomato,Other,FAQ,a30ed52a492b1ef7,2025-02,22,1450,1275,1550
Gujarat,Kheda,Nadiad,Tomato,Other,FAQ,a30ed52a492b1ef7,2025-03,25,850,800,1150
Gujarat,Kheda,Nadiad,Tomato,Other,FAQ,a30ed52a492b1ef7,2025-04,24,900,850,1050
Gujarat,Kheda,Nadiad,Tomato,Other,FAQ,a30ed52a492b1ef7,2025-05,28,1800,1437.5,1850
Gujarat,Kheda,Nadiad,Tomato,Other,FAQ,a30ed52a492b1ef7,2025-06,24,1875,1850,2000
Gujarat,Kheda,Nadiad,Tomato,Other,FAQ,a30ed52a492b1ef7,2025-07,27,2000,2000,2075
Gujarat,Kheda,Nadiad,Tomato,Other,FAQ,a30ed52a492b1ef7,2025-08,26,2375,2250,2487.5
Gujarat,Kheda,Nadiad,Tomato,Other,FAQ,a30ed52a492b1ef7,2025-09,26,2700,2425,2837.5
Gujarat,Kheda,Nadiad,Tomato,Other,FAQ,a30ed52a492b1ef7,2025-10,22,2800,2650,2887.5
Gujarat,Kheda,Nadiad,Tomato,Other,FAQ,a30ed52a492b1ef7,2025-11,4,2550,2500,2625
Gujarat,Kheda,Nadiad,Tomato,Other,Non-FAQ,4b7790c279489dcb,2025-01,11,1900,1850,2050
Gujarat,Kheda,Nadiad,Tomato,Other,Non-FAQ,4b7790c279489dcb,2025-02,22,1100,975,1200
Gujarat,Kheda,Nadiad,Tomato,Other,Non-FAQ,4b7790c279489dcb,2025-03,25,500,450,650
Gujarat,Kheda,Nadiad,Tomato,Other,Non-FAQ,4b7790c279489dcb,2025-04,25,600,500,700
Gujarat,Kheda,Nadiad,Tomato,Other,Non-FAQ,4b7790c279489dcb,2025-05,28,1175,950,1362.5
Gujarat,Kheda,Nadiad,Tomato,Other,Non-FAQ,4b7790c279489dcb,2025-06,24,1450,1350,1481.25
Gujarat,Kheda,Nadiad,Tomato,Other,Non-FAQ,4b7790c279489dcb,2025-07,26,1550,1500,1600
Gujarat,Kheda,Nadiad,Tomato,Other,Non-FAQ,4b7790c279489dcb,2025-08,26,1650,1600,1887.5
Gujarat,Kheda,Nadiad,Tomato,Other,Non-FAQ,4b7790c279489dcb,2025-09,26,2000,1850,2200
Gujarat,Kheda,Nadiad,Tomato,Other,Non-FAQ,4b7790c279489dcb,2025-10,22,2100,2000,2200
Gujarat,Kheda,Nadiad,Tomato,Other,Non-FAQ,4b7790c279489dcb,2025-11,1,2100,2100,2100
Gujarat,Kheda,Nadiad APMC,Potato,Potato,FAQ,7da1ea794491273e,2025-12,9,2600,2600,2900
Gujarat,Kheda,Nadiad APMC,Tomato,Tomato,FAQ,8ed5f3e6b1a9306f,2025-12,12,3350,2987.5,3500
Gujarat,Kheda,Nadiyad (Chaklasi),Potato,Potato,FAQ,583a76769c266d8d,2024-01,21,1000,900,1050
Gujarat,Kheda,Nadiyad (Chaklasi),Potato,Potato,FAQ,583a76769c266d8d,2024-02,21,1050,1000,1150
Gujarat,Kheda,Nadiyad (Chaklasi),Potato,Potato,FAQ,583a76769c266d8d,2024-03,22,1150,1062.5,1200
Gujarat,Kheda,Nadiyad (Chaklasi),Potato,Potato,FAQ,583a76769c266d8d,2024-04,22,1225,1200,1287.5
Gujarat,Kheda,Nadiyad (Chaklasi),Potato,Potato,FAQ,583a76769c266d8d,2024-05,25,1500,1450,1650
Gujarat,Kheda,Nadiyad (Chaklasi),Potato,Potato,FAQ,583a76769c266d8d,2024-06,23,1700,1525,1850
Gujarat,Kheda,Nadiyad (Chaklasi),Potato,Potato,FAQ,583a76769c266d8d,2024-07,25,2150,2000,2250
Gujarat,Kheda,Nadiyad (Chaklasi),Potato,Potato,FAQ,583a76769c266d8d,2024-08,24,2000,1800,2162.5
Gujarat,Kheda,Nadiyad (Chaklasi),Potato,Potato,FAQ,583a76769c266d8d,2024-09,24,2225,2137.5,2300
Gujarat,Kheda,Nadiyad (Chaklasi),Potato,Potato,FAQ,583a76769c266d8d,2024-10,25,2200,2150,2250
Gujarat,Kheda,Nadiyad (Chaklasi),Potato,Potato,FAQ,583a76769c266d8d,2024-11,24,2350,2300,2450
Gujarat,Kheda,Nadiyad (Chaklasi),Potato,Potato,FAQ,583a76769c266d8d,2024-12,25,2250,2200,2400
Gujarat,Kheda,Nadiyad (Chaklasi),Potato,Potato,FAQ,583a76769c266d8d,2025-01,26,2175,1862.5,2250
Gujarat,Kheda,Nadiyad (Chaklasi),Potato,Potato,FAQ,583a76769c266d8d,2025-02,23,1200,1150,1275
Gujarat,Kheda,Nadiyad (Chaklasi),Potato,Potato,FAQ,583a76769c266d8d,2025-03,25,1150,1100,1250
Gujarat,Kheda,Nadiyad (Chaklasi),Potato,Potato,FAQ,583a76769c266d8d,2025-04,24,1200,1137.5,1250
Gujarat,Kheda,Nadiyad (Chaklasi),Potato,Potato,FAQ,583a76769c266d8d,2025-05,27,1250,1250,1350
Gujarat,Kheda,Nadiyad (Chaklasi),Potato,Potato,FAQ,583a76769c266d8d,2025-06,24,1212.5,1168.75,1250
Gujarat,Kheda,Nadiyad (Chaklasi),Potato,Potato,FAQ,583a76769c266d8d,2025-07,27,1200,1150,1250
Gujarat,Kheda,Nadiyad (Chaklasi),Potato,Potato,FAQ,583a76769c266d8d,2025-08,27,1200,1150,1275
Gujarat,Kheda,Nadiyad (Chaklasi),Potato,Potato,FAQ,583a76769c266d8d,2025-09,21,1200,1200,1250
Gujarat,Kheda,Nadiyad (Chaklasi),Potato,Potato,FAQ,583a76769c266d8d,2025-10,18,1237.5,1200,1300
Gujarat,Kheda,Nadiyad (Chaklasi),Potato,Potato,FAQ,583a76769c266d8d,2025-11,4,1300,1250,1337.5
Gujarat,Kheda,Nadiyad (Chaklasi),Potato,Potato,Non-FAQ,87c79ca746130c8d,2025-01,11,1800,1475,1925
Gujarat,Kheda,Nadiyad (Chaklasi),Potato,Potato,Non-FAQ,87c79ca746130c8d,2025-02,23,850,800,1000
Gujarat,Kheda,Nadiyad (Chaklasi),Potato,Potato,Non-FAQ,87c79ca746130c8d,2025-03,25,750,700,850
Gujarat,Kheda,Nadiyad (Chaklasi),Potato,Potato,Non-FAQ,87c79ca746130c8d,2025-04,24,850,750,900
Gujarat,Kheda,Nadiyad (Chaklasi),Potato,Potato,Non-FAQ,87c79ca746130c8d,2025-05,27,950,900,1050
Gujarat,Kheda,Nadiyad (Chaklasi),Potato,Potato,Non-FAQ,87c79ca746130c8d,2025-06,24,900,900,1050
Gujarat,Kheda,Nadiyad (Chaklasi),Potato,Potato,Non-FAQ,87c79ca746130c8d,2025-07,27,900,800,950
Gujarat,Kheda,Nadiyad (Chaklasi),Potato,Potato,Non-FAQ,87c79ca746130c8d,2025-08,27,900,825,1000
Gujarat,Kheda,Nadiyad (Chaklasi),Potato,Potato,Non-FAQ,87c79ca746130c8d,2025-09,24,950,850,1050
Gujarat,Kheda,Nadiyad (Chaklasi),Potato,Potato,Non-FAQ,87c79ca746130c8d,2025-10,19,950,900,1050
Gujarat,Kheda,Nadiyad (Chaklasi),Potato,Potato,Non-FAQ,87c79ca746130c8d,2025-11,3,1000,975,1100
Gujarat,Kheda,Nadiyad (Chaklasi),Tomato,Tomato,FAQ,500e04817380e1a0,2024-01,17,1300,1000,1500
Gujarat,Kheda,Nadiyad (Chaklasi),Tomato,Tomato,FAQ,500e04817380e1a0,2024-02,15,1850,1550,1900
Gujarat,Kheda,Nadiyad (Chaklasi),Tomato,Tomato,FAQ,500e04817380e1a0,2024-03,13,1500,1450,1750
Gujarat,Kheda,Nadiyad (Chaklasi),Tomato,Tomato,FAQ,500e04817380e1a0,2024-04,10,1200,1162.5,1337.5
Gujarat,Kheda,Nadiyad (Chaklasi),Tomato,Tomato,FAQ,500e04817380e1a0,2024-05,7,1300,1200,1375
Gujarat,Kheda,Nadiyad (Chaklasi),Tomato,Tomato,FAQ,500e04817380e1a0,2024-06,10,1700,1700,1775
Gujarat,Kheda,Nadiyad (Chaklasi),Tomato,Tomato,FAQ,500e04817380e1a0,2024-07,8,4925,2250,6100
Gujarat,Kheda,Nadiyad (Chaklasi),Tomato,Tomato,FAQ,500e04817380e1a0,2024-08,12,3250,2300,4450
Gujarat,Kheda,Nadiyad (Chaklasi),Tomato,Tomato,FAQ,500e04817380e1a0,2024-09,11,3200,3000,3350
Gujarat,Kheda,Nadiyad (Chaklasi),Tomato,Tomato,FAQ,500e04817380e1a0,2024-10,15,4400,3775,4900
Gujarat,Kheda,Nadiyad (Chaklasi),Tomato,Tomato,FAQ,500e04817380e1a0,2024-11,17,3600,3400,4000
Gujarat,Kheda,Nadiyad (Chaklasi),Tomato,Tomato,FAQ,500e04817380e1a0,2024-12,17,2400,2300,2800
Gujarat,Kheda,Nadiyad (Chaklasi),Tomato,Tomato,FAQ,500e04817380e1a0,2025-01,20,1975,1687.5,2112.5
Gujarat,Kheda,Nadiyad (Chaklasi),Tomato,Tomato,FAQ,500e04817380e1a0,2025-02,20,1150,1100,1250
Gujarat,Kheda,Nadiyad (Chaklasi),Tomato,Tomato,FAQ,500e04817380e1a0,2025-03,23,600,550,800
Gujarat,Kheda,Nadiyad (Chaklasi),Tomato,Tomato,FAQ,500e04817380e1a0,2025-04,21,750,650,800
Gujarat,Kheda,Nadiyad (Chaklasi),Tomato,Tomato,FAQ,500e04817380e1a0,2025-05,24,1550,1400,1800
Gujarat,Kheda,Nadiyad (Chaklasi),Tomato,Tomato,FAQ,500e04817380e1a0,2025-06,24,1837.5,1725,1900
Gujarat,Kheda,Nadiyad (Chaklasi),Tomato,Tomato,FAQ,500e04817380e1a0,2025-07,27,1800,1750,1850
Gujarat,Kheda,Nadiyad (Chaklasi),Tomato,Tomato,FAQ,500e04817380e1a0,2025-08,27,2000,1775,2200
Gujarat,Kheda,Nadiyad (Chaklasi),Tomato,Tomato,FAQ,500e04817380e1a0,2025-09,24,2375,2250,2500
Gujarat,Kheda,Nadiyad (Chaklasi),Tomato,Tomato,FAQ,500e04817380e1a0,2025-10,20,2300,2200,2312.5
Gujarat,Kheda,Nadiyad (Chaklasi),Tomato,Tomato,FAQ,500e04817380e1a0,2025-11,1,2200,2200,2200
Gujarat,Kheda,Nadiyad (Chaklasi),Tomato,Tomato,Non-FAQ,50947ad8742b3e94,2025-01,9,1700,1450,1850
Gujarat,Kheda,Nadiyad (Chaklasi),Tomato,Tomato,Non-FAQ,50947ad8742b3e94,2025-02,20,800,687.5,912.5
Gujarat,Kheda,Nadiyad (Chaklasi),Tomato,Tomato,Non-FAQ,50947ad8742b3e94,2025-03,23,350,300,450
Gujarat,Kheda,Nadiyad (Chaklasi),Tomato,Tomato,Non-FAQ,50947ad8742b3e94,2025-04,21,450,400,450
Gujarat,Kheda,Nadiyad (Chaklasi),Tomato,Tomato,Non-FAQ,50947ad8742b3e94,2025-05,24,1125,887.5,1250
Gujarat,Kheda,Nadiyad (Chaklasi),Tomato,Tomato,Non-FAQ,50947ad8742b3e94,2025-06,23,1400,1250,1500
Gujarat,Kheda,Nadiyad (Chaklasi),Tomato,Tomato,Non-FAQ,50947ad8742b3e94,2025-07,25,1400,1250,1500
Gujarat,Kheda,Nadiyad (Chaklasi),Tomato,Tomato,Non-FAQ,50947ad8742b3e94,2025-08,27,1600,1500,1675
Gujarat,Kheda,Nadiyad (Chaklasi),Tomato,Tomato,Non-FAQ,50947ad8742b3e94,2025-09,24,1850,1687.5,1962.5
Gujarat,Kheda,Nadiyad (Chaklasi),Tomato,Tomato,Non-FAQ,50947ad8742b3e94,2025-10,21,1750,1700,1800
Gujarat,Kheda,Nadiyad (Chaklasi),Tomato,Tomato,Non-FAQ,50947ad8742b3e94,2025-11,2,1650,1625,1675
Gujarat,Kheda,Nadiyad (Chaklasi) APMC,Potato,Potato,FAQ,379e6ab47c378f79,2025-12,11,2200,2125,2275
Gujarat,Kheda,Nadiyad (Chaklasi) APMC,Tomato,Tomato,FAQ,70ef0434a1f236b8,2025-12,6,2950,2825,3187.5
Gujarat,Kheda,Nadiyad (Piplag),Onion,Onion,FAQ,6cbcdce792d0f92f,2024-01,21,2350,2350,3000
Gujarat,Kheda,Nadiyad (Piplag),Onion,Onion,FAQ,6cbcdce792d0f92f,2024-02,21,2350,2350,2750
Gujarat,Kheda,Nadiyad (Piplag),Onion,Onion,FAQ,6cbcdce792d0f92f,2024-03,21,2300,2000,2350
Gujarat,Kheda,Nadiyad (Piplag),Onion,Onion,FAQ,6cbcdce792d0f92f,2024-04,21,1750,1600,1800
Gujarat,Kheda,Nadiyad (Piplag),Onion,Onion,FAQ,6cbcdce792d0f92f,2024-05,24,1675,1500,2300
Gujarat,Kheda,Nadiyad (Piplag),Onion,Onion,FAQ,6cbcdce792d0f92f,2024-06,24,1850,1500,2350
Gujarat,Kheda,Nadiyad (Piplag),Onion,Onion,FAQ,6cbcdce792d0f92f,2024-07,26,2200,1962.5,2337.5
Gujarat,Kheda,Nadiyad (Piplag),Onion,Onion,FAQ,6cbcdce792d0f92f,2024-08,23,2350,2300,2425
Gujarat,Kheda,Nadiyad (Piplag),Onion,Onion,FAQ,6cbcdce792d0f92f,2024-09,24,3050,2900,3250
Gujarat,Kheda,Nadiyad (Piplag),Onion,Onion,FAQ,6cbcdce792d0f92f,2024-10,25,3100,3000,3200
Gujarat,Kheda,Nadiyad (Piplag),Onion,Onion,FAQ,6cbcdce792d0f92f,2024-11,23,3200,2950,3325
Gujarat,Kheda,Nadiyad (Piplag),Onion,Onion,FAQ,6cbcdce792d0f92f,2024-12,25,2400,2000,2600
Gujarat,Kheda,Nadiyad (Piplag),Onion,Onion,FAQ,6cbcdce792d0f92f,2025-01,26,2000,1800,2200
Gujarat,Kheda,Nadiyad (Piplag),Onion,Onion,FAQ,6cbcdce792d0f92f,2025-02,23,1250,1200,1350
Gujarat,Kheda,Nadiyad (Piplag),Onion,Onion,FAQ,6cbcdce792d0f92f,2025-03,25,1800,1600,2250
Gujarat,Kheda,Nadiyad (Piplag),Onion,Onion,FAQ,6cbcdce792d0f92f,2025-04,25,2100,1900,2300
Gujarat,Kheda,Nadiyad (Piplag),Onion,Onion,FAQ,6cbcdce792d0f92f,2025-05,28,1800,1650,1862.5
Gujarat,Kheda,Nadiyad (Piplag),Onion,Onion,FAQ,6cbcdce792d0f92f,2025-06,24,1850,1787.5,1900
Gujarat,Kheda,Nadiyad (Piplag),Onion,Onion,FAQ,6cbcdce792d0f92f,2025-07,27,1800,1750,1850
Gujarat,Kheda,Nadiyad (Piplag),Onion,Onion,FAQ,6cbcdce792d0f92f,2025-08,26,1750,1650,1837.5
Gujarat,Kheda,Nadiyad (Piplag),Onion,Onion,FAQ,6cbcdce792d0f92f,2025-09,19,1800,1750,1825
Gujarat,Kheda,Nadiyad (Piplag),Onion,Onion,FAQ,6cbcdce792d0f92f,2025-10,14,1800,1700,1837.5
Gujarat,Kheda,Nadiyad (Piplag),Onion,Onion,FAQ,6cbcdce792d0f92f,2025-11,3,1800,1775,1850
Gujarat,Kheda,Nadiyad (Piplag),Onion,Onion,Non-FAQ,3cabc777f7e68970,2025-01,9,1400,1200,1500
Gujarat,Kheda,Nadiyad (Piplag),Onion,Onion,Non-FAQ,3cabc777f7e68970,2025-02,23,950,850,1000
Gujarat,Kheda,Nadiyad (Piplag),Onion,Onion,Non-FAQ,3cabc777f7e68970,2025-03,25,1300,1100,1400
Gujarat,Kheda,Nadiyad (Piplag),Onion,Onion,Non-FAQ,3cabc777f7e68970,2025-04,25,1300,1100,1500
Gujarat,Kheda,Nadiyad (Piplag),Onion,Onion,Non-FAQ,3cabc777f7e68970,2025-05,28,1200,1100,1262.5
Gujarat,Kheda,Nadiyad (Piplag),Onion,Onion,Non-FAQ,3cabc777f7e68970,2025-06,24,1250,1193.75,1400
Gujarat,Kheda,Nadiyad (Piplag),Onion,Onion,Non-FAQ,3cabc777f7e68970,2025-07,27,1300,1250,1400
Gujarat,Kheda,Nadiyad (Piplag),Onion,Onion,Non-FAQ,3cabc777f7e68970,2025-08,26,1275,1250,1387.5
Gujarat,Kheda,Nadiyad (Piplag),Onion,Onion,Non-FAQ,3cabc777f7e68970,2025-09,18,1250,1200,1300
Gujarat,Kheda,Nadiyad (Piplag),Onion,Onion,Non-FAQ,3cabc777f7e68970,2025-10,17,1250,1250,1350
Gujarat,Kheda,Nadiyad (Piplag),Onion,Onion,Non-FAQ,3cabc777f7e68970,2025-11,2,1275,1237.5,1312.5
Gujarat,Kheda,Nadiyad (Piplag),Potato,Potato,FAQ,8589522e958b5825,2024-01,21,1000,950,1100
Gujarat,Kheda,Nadiyad (Piplag),Potato,Potato,FAQ,8589522e958b5825,2024-02,21,1100,1050,1150
Gujarat,Kheda,Nadiyad (Piplag),Potato,Potato,FAQ,8589522e958b5825,2024-03,21,1250,1200,1250
Gujarat,Kheda,Nadiyad (Piplag),Potato,Potato,FAQ,8589522e958b5825,2024-04,23,1275,1150,1350
Gujarat,Kheda,Nadiyad (Piplag),Potato,Potato,FAQ,8589522e958b5825,2024-05,23,1600,1500,1650
Gujarat,Kheda,Nadiyad (Piplag),Potato,Potato,FAQ,8589522e958b5825,2024-06,23,1700,1600,1800
Gujarat,Kheda,Nadiyad (Piplag),Potato,Potato,FAQ,8589522e958b5825,2024-07,26,2075,2000,2250
Gujarat,Kheda,Nadiyad (Piplag),Potato,Potato,FAQ,8589522e958b5825,2024-08,24,2000,1800,2300
Gujarat,Kheda,Nadiyad (Piplag),Potato,Potato,FAQ,8589522e958b5825,2024-09,24,2300,2150,2300
Gujarat,Kheda,Nadiyad (Piplag),Potato,Potato,FAQ,8589522e958b5825,2024-10,24,2275,2200,2312.5
Gujarat,Kheda,Nadiyad (Piplag),Potato,Potato,FAQ,8589522e958b5825,2024-11,24,2325,2300,2362.5
Gujarat,Kheda,Nadiyad (Piplag),Potato,Potato,FAQ,8589522e958b5825,2024-12,25,2300,2100,2400
Gujarat,Kheda,Nadiyad (Piplag),Potato,Potato,FAQ,8589522e958b5825,2025-01,26,2125,1900,2237.5
Gujarat,Kheda,Nadiyad (Piplag),Potato,Potato,FAQ,8589522e958b5825,2025-02,23,1150,1125,1275
Gujarat,Kheda,Nadiyad (Piplag),Potato,Potato,FAQ,8589522e958b5825,2025-03,25,1100,1100,1250
Gujarat,Kheda,Nadiyad (Piplag),Potato,Potato,FAQ,8589522e958b5825,2025-04,24,1175,1100,1250
Gujarat,Kheda,Nadiyad (Piplag),Potato,Potato,FAQ,8589522e958b5825,2025-05,27,1300,1180,1425
Gujarat,Kheda,Nadiyad (Piplag),Potato,Potato,FAQ,8589522e958b5825,2025-06,23,1300,1200,1350
Gujarat,Kheda,Nadiyad (Piplag),Potato,Potato,FAQ,8589522e958b5825,2025-07,27,1250,1150,1300
Gujarat,Kheda,Nadiyad (Piplag),Potato,Potato,FAQ,8589522e958b5825,2025-08,26,1250,1200,1337.5
Gujarat,Kheda,Nadiyad (Piplag),Potato,Potato,FAQ,8589522e958b5825,2025-09,21,1300,1200,1300
Gujarat,Kheda,Nadiyad (Piplag),Potato,Potato,FAQ,8589522e958b5825,2025-10,18,1250,1200,1375
Gujarat,Kheda,Nadiyad (Piplag),Potato,Potato,FAQ,8589522e958b5825,2025-11,5,1250,1200,1300
Gujarat,Kheda,Nadiyad (Piplag),Potato,Potato,Non-FAQ,b988ac67bbbfb05d,2025-01,10,1400,1400,1800
Gujarat,Kheda,Nadiyad (Piplag),Potato,Potato,Non-FAQ,b988ac67bbbfb05d,2025-02,23,900,850,950
Gujarat,Kheda,Nadiyad (Piplag),Potato,Potato,Non-FAQ,b988ac67bbbfb05d,2025-03,25,800,700,850
Gujarat,Kheda,Nadiyad (Piplag),Potato,Potato,Non-FAQ,b988ac67bbbfb05d,2025-04,25,850,750,900
Gujarat,Kheda,Nadiyad (Piplag),Potato,Potato,Non-FAQ,b988ac67bbbfb05d,2025-05,27,950,900,1075
Gujarat,Kheda,Nadiyad (Piplag),Potato,Potato,Non-FAQ,b988ac67bbbfb05d,2025-06,21,950,950,1050
Gujarat,Kheda,Nadiyad (Piplag),Potato,Potato,Non-FAQ,b988ac67bbbfb05d,2025-07,27,850,800,925
Gujarat,Kheda,Nadiyad (Piplag),Potato,Potato,Non-FAQ,b988ac67bbbfb05d,2025-08,26,850,800,950
Gujarat,Kheda,Nadiyad (Piplag),Potato,Potato,Non-FAQ,b988ac67bbbfb05d,2025-09,17,900,850,1050
Gujarat,Kheda,Nadiyad (Piplag),Potato,Potato,Non-FAQ,b988ac67bbbfb05d,2025-10,14,850,850,950
Gujarat,Kheda,Nadiyad (Piplag),Potato,Potato,Non-FAQ,b988ac67bbbfb05d,2025-11,2,900,875,925
Gujarat,Kheda,Nadiyad (Piplag),Tomato,Tomato,FAQ,47fbad44425a9805,2024-01,22,1200,1100,1350
Gujarat,Kheda,Nadiyad (Piplag),Tomato,Tomato,FAQ,47fbad44425a9805,2024-02,21,1900,1550,2350
Gujarat,Kheda,Nadiyad (Piplag),Tomato,Tomato,FAQ,47fbad44425a9805,2024-03,20,1375,1250,1600
Gujarat,Kheda,Nadiyad (Piplag),Tomato,Tomato,FAQ,47fbad44425a9805,2024-04,23,1250,1100,1350
Gujarat,Kheda,Nadiyad (Piplag),Tomato,Tomato,FAQ,47fbad44425a9805,2024-05,23,1300,1200,1325
Gujarat,Kheda,Nadiyad (Piplag),Tomato,Tomato,FAQ,47fbad44425a9805,2024-06,23,1900,1725,2150
Gujarat,Kheda,Nadiyad (Piplag),Tomato,Tomato,FAQ,47fbad44425a9805,2024-07,22,5000,3000,5500
Gujarat,Kheda,Nadiyad (Piplag),Tomato,Tomato,FAQ,47fbad44425a9805,2024-08,24,4000,2537.5,4500
Gujarat,Kheda,Nadiyad (Piplag),Tomato,Tomato,FAQ,47fbad44425a9805,2024-09,24,3500,3175,3600
Gujarat,Kheda,Nadiyad (Piplag),Tomato,Tomato,FAQ,47fbad44425a9805,2024-10,25,4000,3750,4500
Gujarat,Kheda,Nadiyad (Piplag),Tomato,Tomato,FAQ,47fbad44425a9805,2024-11,22,3375,3000,3500
Gujarat,Kheda,Nadiyad (Piplag),Tomato,Tomato,FAQ,47fbad44425a9805,2024-12,25,2300,2000,2600
Gujarat,Kheda,Nadiyad (Piplag),Tomato,Tomato,FAQ,47fbad44425a9805,2025-01,25,1900,1650,2000
Gujarat,Kheda,Nadiyad (Piplag),Tomato,Tomato,FAQ,47fbad44425a9805,2025-02,22,1075,900,1187.5
Gujarat,Kheda,Nadiyad (Piplag),Tomato,Tomato,FAQ,47fbad44425a9805,2025-03,24,550,537.5,662.5
Gujarat,Kheda,Nadiyad (Piplag),Tomato,Tomato,FAQ,47fbad44425a9805,2025-04,25,750,700,750
Gujarat,Kheda,Nadiyad (Piplag),Tomato,Tomato,FAQ,47fbad44425a9805,2025-05,27,1650,1500,1800
Gujarat,Kheda,Nadiyad (Piplag),Tomato,Tomato,FAQ,47fbad44425a9805,2025-06,24,1800,1737.5,1900
Gujarat,Kheda,Nadiyad (Piplag),Tomato,Tomato,FAQ,47fbad44425a9805,2025-07,27,1800,1775,1900
Gujarat,Kheda,Nadiyad (Piplag),Tomato,Tomato,FAQ,47fbad44425a9805,2025-08,26,2225,2100,2300
Gujarat,Kheda,Nadiyad (Piplag),Tomato,Tomato,FAQ,47fbad44425a9805,2025-09,26,2400,2300,2600
Gujarat,Kheda,Nadiyad (Piplag),Tomato,Tomato,FAQ,47fbad44425a9805,2025-10,22,2350,2250,2400
Gujarat,Kheda,Nadiyad (Piplag),Tomato,Tomato,FAQ,47fbad44425a9805,2025-11,4,2300,2275,2350
Gujarat,Kheda,Nadiyad (Piplag),Tomato,Tomato,Non-FAQ,b2337c6afccd1bf5,2025-01,10,1450,1325,1575
Gujarat,Kheda,Nadiyad (Piplag),Tomato,Tomato,Non-FAQ,b2337c6afccd1bf5,2025-02,22,600,550,700
Gujarat,Kheda,Nadiyad (Piplag),Tomato,Tomato,Non-FAQ,b2337c6afccd1bf5,2025-03,24,300,250,350
Gujarat,Kheda,Nadiyad (Piplag),Tomato,Tomato,Non-FAQ,b2337c6afccd1bf5,2025-04,25,450,350,450
Gujarat,Kheda,Nadiyad (Piplag),Tomato,Tomato,Non-FAQ,b2337c6afccd1bf5,2025-05,27,1180,975,1250
Gujarat,Kheda,Nadiyad (Piplag),Tomato,Tomato,Non-FAQ,b2337c6afccd1bf5,2025-06,24,1350,1150,1400
Gujarat,Kheda,Nadiyad (Piplag),Tomato,Tomato,Non-FAQ,b2337c6afccd1bf5,2025-07,27,1350,1300,1450
Gujarat,Kheda,Nadiyad (Piplag),Tomato,Tomato,Non-FAQ,b2337c6afccd1bf5,2025-08,26,1650,1600,1800
Gujarat,Kheda,Nadiyad (Piplag),Tomato,Tomato,Non-FAQ,b2337c6afccd1bf5,2025-09,26,1700,1600,1887.5
Gujarat,Kheda,Nadiyad (Piplag),Tomato,Tomato,Non-FAQ,b2337c6afccd1bf5,2025-10,19,1700,1600,1900
Gujarat,Kheda,Nadiyad (Piplag),Tomato,Tomato,Non-FAQ,b2337c6afccd1bf5,2025-11,2,1575,1562.5,1587.5
Gujarat,Kheda,Nadiyad (Piplag) APMC,Onion,Onion,FAQ,7d0e8c123c228891,2025-12,10,1875,1850,2037.5
Gujarat,Kheda,Nadiyad (Piplag) APMC,Potato,Potato,FAQ,48a7efa4a645880e,2025-12,6,2150,2100,2200
Gujarat,Kheda,Nadiyad (Piplag) APMC,Tomato,Tomato,FAQ,911309db0a827054,2025-12,8,3100,2837.5,3200
Gujarat,Mehsana,Mehsana (Mehsana Veg),Onion,Onion,FAQ,b3ee18e0a0ea7cfd,2024-01,24,1500,1400,1500
Gujarat,Mehsana,Mehsana (Mehsana Veg),Onion,Onion,FAQ,b3ee18e0a0ea7cfd,2024-02,23,1300,1200,1300
Gujarat,Mehsana,Mehsana (Mehsana Veg),Onion,Onion,FAQ,b3ee18e0a0ea7cfd,2024-03,22,1500,1400,1600
Gujarat,Mehsana,Mehsana (Mehsana Veg),Onion,Onion,FAQ,b3ee18e0a0ea7cfd,2024-04,20,1400,1400,1425
Gujarat,Mehsana,Mehsana (Mehsana Veg),Onion,Onion,FAQ,b3ee18e0a0ea7cfd,2024-05,24,1500,1500,1750
Gujarat,Mehsana,Mehsana (Mehsana Veg),Onion,Onion,FAQ,b3ee18e0a0ea7cfd,2024-06,23,2250,1950,2500
Gujarat,Mehsana,Mehsana (Mehsana Veg),Onion,Onion,FAQ,b3ee18e0a0ea7cfd,2024-07,26,2500,2500,2500
Gujarat,Mehsana,Mehsana (Mehsana Veg),Onion,Onion,FAQ,b3ee18e0a0ea7cfd,2024-08,21,2600,2500,3100
Gujarat,Mehsana,Mehsana (Mehsana Veg),Onion,Onion,FAQ,b3ee18e0a0ea7cfd,2024-09,21,3500,3500,4000
Gujarat,Mehsana,Mehsana (Mehsana Veg),Onion,Onion,FAQ,b3ee18e0a0ea7cfd,2024-10,23,3500,3500,3750
Gujarat,Mehsana,Mehsana (Mehsana Veg),Onion,Onion,FAQ,b3ee18e0a0ea7cfd,2024-11,22,3875,3750,4000
Gujarat,Mehsana,Mehsana (Mehsana Veg),Onion,Onion,FAQ,b3ee18e0a0ea7cfd,2024-12,23,3500,2350,3500
Gujarat,Mehsana,Mehsana (Mehsana Veg),Onion,Onion,FAQ,b3ee18e0a0ea7cfd,2025-01,24,2000,1900,2000
Gujarat,Mehsana,Mehsana (Mehsana Veg),Onion,Onion,FAQ,b3ee18e0a0ea7cfd,2025-02,19,2200,1900,2500
Gujarat,Mehsana,Mehsana (Mehsana Veg),Onion,Onion,FAQ,b3ee18e0a0ea7cfd,2025-03,24,1750,1500,2000
Gujarat,Mehsana,Mehsana (Mehsana Veg),Onion,Onion,FAQ,b3ee18e0a0ea7cfd,2025-04,21,1200,1100,1400
Gujarat,Mehsana,Mehsana (Mehsana Veg),Onion,Onion,FAQ,b3ee18e0a0ea7cfd,2025-05,26,1050,1000,1137.5
Gujarat,Mehsana,Mehsana (Mehsana Veg),Onion,Onion,FAQ,b3ee18e0a0ea7cfd,2025-06,22,1300,1125,1400
Gujarat,Mehsana,Mehsana (Mehsana Veg),Onion,Onion,FAQ,b3ee18e0a0ea7cfd,2025-07,26,1300,1300,1400
Gujarat,Mehsana,Mehsana (Mehsana Veg),Onion,Onion,FAQ,b3ee18e0a0ea7cfd,2025-08,20,1400,1300,1425
Gujarat,Mehsana,Mehsana (Mehsana Veg),Onion,Onion,FAQ,b3ee18e0a0ea7cfd,2025-09,19,1100,1100,1200
Gujarat,Mehsana,Mehsana (Mehsana Veg),Onion,Onion,FAQ,b3ee18e0a0ea7cfd,2025-10,16,1225,1137.5,1250
Gujarat,Mehsana,Mehsana (Mehsana Veg),Onion,Onion,Non-FAQ,9f7b4b6125f5251a,2025-01,1,2000,2000,2000
Gujarat,Mehsana,Mehsana (Mehsana Veg),Onion,Onion,Non-FAQ,9f7b4b6125f5251a,2025-02,1,1900,1900,1900
Gujarat,Mehsana,Mehsana (Mehsana Veg),Potato,Potato,FAQ,079b3bc36a3f32bb,2024-01,24,1000,1000,1000
Gujarat,Mehsana,Mehsana (Mehsana Veg),Potato,Potato,FAQ,079b3bc36a3f32bb,2024-02,23,1000,925,1100
Gujarat,Mehsana,Mehsana (Mehsana Veg),Potato,Potato,FAQ,079b3bc36a3f32bb,2024-03,22,1150,1100,1200
Gujarat,Mehsana,Mehsana (Mehsana Veg),Potato,Potato,FAQ,079b3bc36a3f32bb,2024-04,20,1800,1750,1900
Gujarat,Mehsana,Mehsana (Mehsana Veg),Potato,Potato,FAQ,079b3bc36a3f32bb,2024-05,24,1900,1900,1900
Gujarat,Mehsana,Mehsana (Mehsana Veg),Potato,Potato,FAQ,079b3bc36a3f32bb,2024-06,23,2000,2000,2000
Gujarat,Mehsana,Mehsana (Mehsana Veg),Potato,Potato,FAQ,079b3bc36a3f32bb,2024-07,26,2000,2000,2150
Gujarat,Mehsana,Mehsana (Mehsana Veg),Potato,Potato,FAQ,079b3bc36a3f32bb,2024-08,22,2000,2000,2150
Gujarat,Mehsana,Mehsana (Mehsana Veg),Potato,Potato,FAQ,079b3bc36a3f32bb,2024-09,22,2150,2150,2150
Gujarat,Mehsana,Mehsana (Mehsana Veg),Potato,Potato,FAQ,079b3bc36a3f32bb,2024-10,23,2400,2250,2500
Gujarat,Mehsana,Mehsana (Mehsana Veg),Potato,Potato,FAQ,079b3bc36a3f32bb,2024-11,22,2500,2400,2500
Gujarat,Mehsana,Mehsana (Mehsana Veg),Potato,Potato,FAQ,079b3bc36a3f32bb,2024-12,23,2400,2100,2500
Gujarat,Mehsana,Mehsana (Mehsana Veg),Potato,Potato,FAQ,079b3bc36a3f32bb,2025-01,25,1400,1200,1900
Gujarat,Mehsana,Mehsana (Mehsana Veg),Potato,Potato,FAQ,079b3bc36a3f32bb,2025-02,15,950,950,950
Gujarat,Mehsana,Mehsana (Mehsana Veg),Potato,Potato,FAQ,079b3bc36a3f32bb,2025-03,25,900,800,950
Gujarat,Mehsana,Mehsana (Mehsana Veg),Potato,Potato,FAQ,079b3bc36a3f32bb,2025-04,21,1100,1000,1100
Gujarat,Mehsana,Mehsana (Mehsana Veg),Potato,Potato,FAQ,079b3bc36a3f32bb,2025-05,26,1200,1150,1200
Gujarat,Mehsana,Mehsana (Mehsana Veg),Potato,Potato,FAQ,079b3bc36a3f32bb,2025-06,22,1150,1150,1200
Gujarat,Mehsana,Mehsana (Mehsana Veg),Potato,Potato,FAQ,079b3bc36a3f32bb,2025-07,26,1150,1100,1150
Gujarat,Mehsana,Mehsana (Mehsana Veg),Potato,Potato,FAQ,079b3bc36a3f32bb,2025-08,20,1100,1087.5,1100
Gujarat,Mehsana,Mehsana (Mehsana Veg),Potato,Potato,FAQ,079b3bc36a3f32bb,2025-09,17,1150,1100,1150
Gujarat,Mehsana,Mehsana (Mehsana Veg),Potato,Potato,FAQ,079b3bc36a3f32bb,2025-10,13,1300,1250,1400
Gujarat,Mehsana,Mehsana (Mehsana Veg),Potato,Potato,FAQ,079b3bc36a3f32bb,2025-11,1,1400,1400,1400
Gujarat,Mehsana,Mehsana (Mehsana Veg),Potato,Potato,Non-FAQ,64034c58543f9901,2025-02,5,1100,1050,1100
Gujarat,Mehsana,Mehsana (Mehsana Veg),Tomato,Tomato,FAQ,1c17159548ae5af2,2024-01,24,1000,900,1262.5
Gujarat,Mehsana,Mehsana (Mehsana Veg),Tomato,Tomato,FAQ,1c17159548ae5af2,2024-02,23,2000,1800,2000
Gujarat,Mehsana,Mehsana (Mehsana Veg),Tomato,Tomato,FAQ,1c17159548ae5af2,2024-03,22,1500,1250,1500
Gujarat,Mehsana,Mehsana (Mehsana Veg),Tomato,Tomato,FAQ,1c17159548ae5af2,2024-04,20,1000,900,1112.5
Gujarat,Mehsana,Mehsana (Mehsana Veg),Tomato,Tomato,FAQ,1c17159548ae5af2,2024-05,24,1500,1287.5,1625
Gujarat,Mehsana,Mehsana (Mehsana Veg),Tomato,Tomato,FAQ,1c17159548ae5af2,2024-06,23,2400,2075,4125
Gujarat,Mehsana,Mehsana (Mehsana Veg),Tomato,Tomato,FAQ,1c17159548ae5af2,2024-07,26,5000,4500,5500
Gujarat,Mehsana,Mehsana (Mehsana Veg),Tomato,Tomato,FAQ,1c17159548ae5af2,2024-08,22,2750,2350,3000
Gujarat,Mehsana,Mehsana (Mehsana Veg),Tomato,Tomato,FAQ,1c17159548ae5af2,2024-09,22,2400,2000,3750
Gujarat,Mehsana,Mehsana (Mehsana Veg),Tomato,Tomato,FAQ,1c17159548ae5af2,2024-10,23,4750,4375,5125
Gujarat,Mehsana,Mehsana (Mehsana Veg),Tomato,Tomato,FAQ,1c17159548ae5af2,2024-11,22,2850,2750,3000
Gujarat,Mehsana,Mehsana (Mehsana Veg),Tomato,Tomato,FAQ,1c17159548ae5af2,2024-12,23,2250,2175,3050
Gujarat,Mehsana,Mehsana (Mehsana Veg),Tomato,Tomato,FAQ,1c17159548ae5af2,2025-01,24,950,687.5,1025
Gujarat,Mehsana,Mehsana (Mehsana Veg),Tomato,Tomato,FAQ,1c17159548ae5af2,2025-02,16,600,587.5,600
Gujarat,Mehsana,Mehsana (Mehsana Veg),Tomato,Tomato,FAQ,1c17159548ae5af2,2025-03,25,600,550,600
Gujarat,Mehsana,Mehsana (Mehsana Veg),Tomato,Tomato,FAQ,1c17159548ae5af2,2025-04,21,600,600,600
Gujarat,Mehsana,Mehsana (Mehsana Veg),Tomato,Tomato,FAQ,1c17159548ae5af2,2025-05,25,1250,1100,1500
Gujarat,Mehsana,Mehsana (Mehsana Veg),Tomato,Tomato,FAQ,1c17159548ae5af2,2025-06,22,2225,2037.5,2500
Gujarat,Mehsana,Mehsana (Mehsana Veg),Tomato,Tomato,FAQ,1c17159548ae5af2,2025-07,26,3125,2500,3500
Gujarat,Mehsana,Mehsana (Mehsana Veg),Tomato,Tomato,FAQ,1c17159548ae5af2,2025-08,20,4250,4200,4500
Gujarat,Mehsana,Mehsana (Mehsana Veg),Tomato,Tomato,FAQ,1c17159548ae5af2,2025-09,25,1800,1500,2250
Gujarat,Mehsana,Mehsana (Mehsana Veg),Tomato,Tomato,FAQ,1c17159548ae5af2,2025-10,17,1750,1600,2000
Gujarat,Mehsana,Mehsana (Mehsana Veg),Tomato,Tomato,Non-FAQ,b9acf2662891912f,2025-01,1,450,450,450
Gujarat,Mehsana,Mehsana (Mehsana Veg),Tomato,Tomato,Non-FAQ,b9acf2662891912f,2025-02,4,525,500,562.5
Gujarat,Mehsana,Mehsana (Mehsana Veg) APMC,Onion,Onion,Local,34df4046b30e0212,2025-12,6,1175,1100,1287.5
Gujarat,Mehsana,Mehsana (Mehsana Veg) APMC,Potato,Potato,Local,e7fa02a1ebcaf536,2025-12,7,1400,1350,1400
Gujarat,Mehsana,Mehsana (Mehsana Veg) APMC,Tomato,Tomato,Local,fcaa24e5a549781e,2025-12,9,2250,2000,3000
Gujarat,Mehsana,Vijapur (veg),Onion,Other,Non-FAQ,158bb347f1292788,2025-08,4,1200,1150,1275
Gujarat,Mehsana,Vijapur (veg),Onion,Other,Non-FAQ,158bb347f1292788,2025-09,2,1350,1275,1425
Gujarat,Mehsana,Vijapur (veg),Potato,Other,FAQ,2c165eb2c88cd9e9,2024-02,1,600,600,600
Gujarat,Mehsana,Vijapur (veg),Potato,Other,FAQ,2c165eb2c88cd9e9,2024-03,2,900,800,1000
Gujarat,Mehsana,Vijapur (veg),Potato,Other,FAQ,2c165eb2c88cd9e9,2024-04,6,1150,1000,1900
Gujarat,Mehsana,Vijapur (veg),Potato,Other,FAQ,2c165eb2c88cd9e9,2024-05,3,1975,1912.5,2062.5
Gujarat,Mehsana,Vijapur (veg),Potato,Other,FAQ,2c165eb2c88cd9e9,2024-08,4,1800,1450,2100
Gujarat,Mehsana,Vijapur (veg),Potato,Other,FAQ,2c165eb2c88cd9e9,2024-09,2,1650,1575,1725
Gujarat,Mehsana,Vijapur (veg),Potato,Other,Non-FAQ,5dd734b84e1eff92,2025-03,15,600,450,650
Gujarat,Mehsana,Vijapur (veg),Potato,Other,Non-FAQ,5dd734b84e1eff92,2025-04,7,725,550,1050
Gujarat,Mehsana,Vijapur (veg),Potato,Other,Non-FAQ,5dd734b84e1eff92,2025-05,4,750,668.75,968.75
Gujarat,Mehsana,Vijapur (veg),Potato,Other,Non-FAQ,5dd734b84e1eff92,2025-06,2,1250,1225,1275
Gujarat,Mehsana,Vijapur (veg),Potato,Other,Non-FAQ,5dd734b84e1eff92,2025-08,13,1000,1000,1000
Gujarat,Mehsana,Vijapur (veg),Potato,Other,Non-FAQ,5dd734b84e1eff92,2025-09,12,1000,1000,1000
Gujarat,Mehsana,Vijapur (veg),Potato,Other,Non-FAQ,5dd734b84e1eff92,2025-10,4,1000,1000,1000
Gujarat,Mehsana,Vijapur (veg),Tomato,Other,FAQ,722ada5f4dfae686,2024-02,1,1450,1450,1450
Gujarat,Mehsana,Vijapur (veg),Tomato,Other,FAQ,722ada5f4dfae686,2024-03,1,1150,1150,1150
Gujarat,Mehsana,Vijapur (veg),Tomato,Other,FAQ,722ada5f4dfae686,2024-04,5,950,850,950
Gujarat,Mehsana,Vijapur (veg),Tomato,Other,FAQ,722ada5f4dfae686,2024-05,16,1187.5,925,1600
Gujarat,Mehsana,Vijapur (veg),Tomato,Other,FAQ,722ada5f4dfae686,2024-06,19,2100,1612.5,3000
Gujarat,Mehsana,Vijapur (veg),Tomato,Other,FAQ,722ada5f4dfae686,2024-07,7,5500,5225,5500
Gujarat,Mehsana,Vijapur (veg),Tomato,Other,FAQ,722ada5f4dfae686,2024-08,9,3500,3000,3500
Gujarat,Mehsana,Vijapur (veg),Tomato,Other,FAQ,722ada5f4dfae686,2024-09,13,2400,2000,2550
Gujarat,Mehsana,Vijapur (veg),Tomato,Other,FAQ,722ada5f4dfae686,2024-10,13,4500,3850,5000
Gujarat,Mehsana,Vijapur (veg),Tomato,Other,FAQ,722ada5f4dfae686,2024-11,6,2525,2387.5,2700
Gujarat,Mehsana,Vijapur (veg),Tomato,Other,Non-FAQ,03f8532fc1eaf60b,2025-03,5,400,350,500
Gujarat,Mehsana,Vijapur (veg),Tomato,Other,Non-FAQ,03f8532fc1eaf60b,2025-04,7,600,437.5,650
Gujarat,Mehsana,Vijapur (veg),Tomato,Other,Non-FAQ,03f8532fc1eaf60b,2025-05,12,1150,975,1775
Gujarat,Mehsana,Vijapur (veg),Tomato,Other,Non-FAQ,03f8532fc1eaf60b,2025-06,15,2000,1762.5,2225
Gujarat,Mehsana,Vijapur (veg),Tomato,Other,Non-FAQ,03f8532fc1eaf60b,2025-08,4,2500,2312.5,2812.5
Gujarat,Mehsana,Vijapur (veg),Tomato,Other,Non-FAQ,03f8532fc1eaf60b,2025-09,3,1750,1375,2062.5
Gujarat,Mehsana,Vijapur (veg),Tomato,Other,Non-FAQ,03f8532fc1eaf60b,2025-10,4,1750,1650,1887.5
Gujarat,Mehsana,Visnagar,Tomato,Deshi,FAQ,7e9675f498e77234,2024-02,1,2667,2667,2667
Gujarat,Morbi,Morbi,Onion,Onion,FAQ,f9b2be8cf75270cd,2024-01,23,1500,1375,1500
Gujarat,Morbi,Morbi,Onion,Onion,FAQ,f9b2be8cf75270cd,2024-02,24,1000,1000,1237.5
Gujarat,Morbi,Morbi,Onion,Onion,FAQ,f9b2be8cf75270cd,2024-03,24,1500,1150,1500
Gujarat,Morbi,Morbi,Onion,Onion,FAQ,f9b2be8cf75270cd,2024-04,22,1050,1000,1100
Gujarat,Morbi,Morbi,Onion,Onion,FAQ,f9b2be8cf75270cd,2024-05,24,1025,1000,1250
Gujarat,Morbi,Morbi,Onion,Onion,FAQ,f9b2be8cf75270cd,2024-06,23,1875,1750,2000
Gujarat,Morbi,Morbi,Onion,Onion,FAQ,f9b2be8cf75270cd,2024-07,27,2000,2000,2000
Gujarat,Morbi,Morbi,Onion,Onion,FAQ,f9b2be8cf75270cd,2024-08,19,2250,2250,2850
Gujarat,Morbi,Morbi,Onion,Onion,FAQ,f9b2be8cf75270cd,2024-09,22,3125,3000,3125
Gujarat,Morbi,Morbi,Onion,Onion,FAQ,f9b2be8cf75270cd,2024-10,25,3250,2900,3500
Gujarat,Morbi,Morbi,Onion,Onion,FAQ,f9b2be8cf75270cd,2024-11,22,2250,2062.5,2475
Gujarat,Morbi,Morbi,Onion,Onion,FAQ,f9b2be8cf75270cd,2024-12,25,2000,1100,2100
Gujarat,Morbi,Morbi,Onion,Onion,FAQ,f9b2be8cf75270cd,2025-01,25,1350,1350,1400
Gujarat,Morbi,Morbi,Onion,Onion,FAQ,f9b2be8cf75270cd,2025-02,23,1750,1350,1900
Gujarat,Morbi,Morbi,Onion,Onion,FAQ,f9b2be8cf75270cd,2025-03,25,1750,1150,1750
Gujarat,Morbi,Morbi,Onion,Onion,FAQ,f9b2be8cf75270cd,2025-04,24,1000,1000,1000
Gujarat,Morbi,Morbi,Onion,Onion,FAQ,f9b2be8cf75270cd,2025-05,26,975,900,1000
Gujarat,Morbi,Morbi,Onion,Onion,FAQ,f9b2be8cf75270cd,2025-06,23,1000,900,1075
Gujarat,Morbi,Morbi,Onion,Onion,FAQ,f9b2be8cf75270cd,2025-07,27,1200,1175,1300
Gujarat,Morbi,Morbi,Onion,Onion,FAQ,f9b2be8cf75270cd,2025-08,22,1025,1000,1125
Gujarat,Morbi,Morbi,Onion,Onion,FAQ,f9b2be8cf75270cd,2025-09,24,1000,1000,1012.5
Gujarat,Morbi,Morbi,Onion,Onion,FAQ,f9b2be8cf75270cd,2025-10,15,1000,1000,1050
Gujarat,Morbi,Morbi,Onion,Onion,FAQ,f9b2be8cf75270cd,2025-11,2,1100,1100,1100
Gujarat,Morbi,Morbi,Tomato,Tomato,FAQ,fe6d53f742ef4b1f,2024-01,24,1225,1037.5,1912.5
Gujarat,Morbi,Morbi,Tomato,Tomato,FAQ,fe6d53f742ef4b1f,2024-02,24,2075,2000,2275
Gujarat,Morbi,Morbi,Tomato,Tomato,FAQ,fe6d53f742ef4b1f,2024-03,24,1750,1475,1862.5
Gujarat,Morbi,Morbi,Tomato,Tomato,FAQ,fe6d53f742ef4b1f,2024-04,22,1200,1050,1250
Gujarat,Morbi,Morbi,Tomato,Tomato,FAQ,fe6d53f742ef4b1f,2024-05,24,1300,1250,1762.5
Gujarat,Morbi,Morbi,Tomato,Tomato,FAQ,fe6d53f742ef4b1f,2024-06,23,2850,2500,4500
Gujarat,Morbi,Morbi,Tomato,Tomato,FAQ,fe6d53f742ef4b1f,2024-07,27,5500,4500,6250
Gujarat,Morbi,Morbi,Tomato,Tomato,FAQ,fe6d53f742ef4b1f,2024-08,19,3000,2875,3250
Gujarat,Morbi,Morbi,Tomato,Tomato,FAQ,fe6d53f742ef4b1f,2024-09,22,2500,2500,3687.5
Gujarat,Morbi,Morbi,Tomato,Tomato,FAQ,fe6d53f742ef4b1f,2024-10,25,5000,5000,5500
Gujarat,Morbi,Morbi,Tomato,Tomato,FAQ,fe6d53f742ef4b1f,2024-11,22,2600,2500,2687.5
Gujarat,Morbi,Morbi,Tomato,Tomato,FAQ,fe6d53f742ef4b1f,2024-12,24,2500,2387.5,3000
Gujarat,Morbi,Morbi,Tomato,Tomato,FAQ,fe6d53f742ef4b1f,2025-01,25,1000,750,1600
Gujarat,Morbi,Morbi,Tomato,Tomato,FAQ,fe6d53f742ef4b1f,2025-02,23,750,725,750
Gujarat,Morbi,Morbi,Tomato,Tomato,FAQ,fe6d53f742ef4b1f,2025-03,25,750,750,750
Gujarat,Morbi,Morbi,Tomato,Tomato,FAQ,fe6d53f742ef4b1f,2025-04,24,750,750,850
Gujarat,Morbi,Morbi,Tomato,Tomato,FAQ,fe6d53f742ef4b1f,2025-05,26,1600,1500,1850
Gujarat,Morbi,Morbi,Tomato,Tomato,FAQ,fe6d53f742ef4b1f,2025-06,23,2500,2250,2750
Gujarat,Morbi,Morbi,Tomato,Tomato,FAQ,fe6d53f742ef4b1f,2025-07,27,3000,2250,3500
Gujarat,Morbi,Morbi,Tomato,Tomato,FAQ,fe6d53f742ef4b1f,2025-08,22,4000,3500,4500
Gujarat,Morbi,Morbi,Tomato,Tomato,FAQ,fe6d53f742ef4b1f,2025-09,26,1875,1400,2250
Gujarat,Morbi,Morbi,Tomato,Tomato,FAQ,fe6d53f742ef4b1f,2025-10,16,1800,1600,2000
Gujarat,Morbi,Morbi,Tomato,Tomato,FAQ,fe6d53f742ef4b1f,2025-11,1,1850,1850,1850
Gujarat,Morbi,Morbi APMC,Onion,Onion,FAQ,e09eb70155a35d5d,2025-12,5,850,850,1000
Gujarat,Morbi,Morbi APMC,Tomato,Tomato,FAQ,b170d9b1e2f7b68a,2025-12,6,3000,2562.5,3250
Gujarat,Morbi,Vankaner (Sub yard),Tomato,Other,FAQ,7881ce2be1c7f659,2024-01,30,975,950,1500
Gujarat,Morbi,Vankaner (Sub yard),Tomato,Other,FAQ,7881ce2be1c7f659,2024-02,28,3500,3250,3500
Gujarat,Morbi,Vankaner (Sub yard),Tomato,Other,FAQ,7881ce2be1c7f659,2024-03,29,3000,3000,3250
Gujarat,Morbi,Vankaner (Sub yard),Tomato,Other,FAQ,7881ce2be1c7f659,2024-04,27,2250,2250,2250
Gujarat,Morbi,Vankaner (Sub yard),Tomato,Other,FAQ,7881ce2be1c7f659,2024-05,31,2250,2250,2375
Gujarat,Morbi,Vankaner (Sub yard),Tomato,Other,FAQ,7881ce2be1c7f659,2024-06,26,3500,2500,5500
Gujarat,Morbi,Vankaner (Sub yard),Tomato,Other,FAQ,7881ce2be1c7f659,2024-07,27,6500,5000,7500
Gujarat,Morbi,Vankaner (Sub yard),Tomato,Other,FAQ,7881ce2be1c7f659,2024-08,20,4425,4000,5125
Gujarat,Navsari,Bilimora,Onion,Nasik,FAQ,106cbf2f08373602,2024-01,3,1800,1600,1900
Gujarat,Navsari,Bilimora,Onion,Nasik,FAQ,106cbf2f08373602,2024-02,15,1300,1300,1400
Gujarat,Navsari,Bilimora,Onion,Nasik,FAQ,106cbf2f08373602,2024-03,13,1800,1600,1800
Gujarat,Navsari,Bilimora,Onion,Nasik,FAQ,106cbf2f08373602,2024-04,13,1400,1300,1400
Gujarat,Navsari,Bilimora,Onion,Nasik,FAQ,106cbf2f08373602,2024-05,30,1500,1400,1600
Gujarat,Navsari,Bilimora,Onion,Nasik,FAQ,106cbf2f08373602,2024-06,28,2500,2400,3000
Gujarat,Navsari,Bilimora,Onion,Nasik,FAQ,106cbf2f08373602,2024-07,31,2800,2700,3200
Gujarat,Navsari,Bilimora,Onion,Nasik,FAQ,106cbf2f08373602,2024-08,28,3500,3000,3600
Gujarat,Navsari,Bilimora,Onion,Nasik,FAQ,106cbf2f08373602,2024-09,29,4000,3800,4000
Gujarat,Navsari,Bilimora,Onion,Nasik,FAQ,106cbf2f08373602,2024-10,28,4200,4000,4200
Gujarat,Navsari,Bilimora,Onion,Nasik,FAQ,106cbf2f08373602,2024-11,29,4800,4500,4800
Gujarat,Navsari,Bilimora,Onion,Nasik,FAQ,106cbf2f08373602,2024-12,29,3200,2500,3800
Gujarat,Navsari,Bilimora,Onion,Nasik,FAQ,106cbf2f08373602,2025-01,30,2400,2200,2600
Gujarat,Navsari,Bilimora,Onion,Nasik,FAQ,106cbf2f08373602,2025-02,24,2500,2200,2625
Gujarat,Navsari,Bilimora,Onion,Nasik,FAQ,106cbf2f08373602,2025-03,31,1900,1500,2900
Gujarat,Navsari,Bilimora,Onion,Nasik,FAQ,106cbf2f08373602,2025-04,28,1500,1200,1525
Gujarat,Navsari,Bilimora,Onion,Nasik,FAQ,106cbf2f08373602,2025-05,29,1400,1300,1400
Gujarat,Navsari,Bilimora,Onion,Nasik,FAQ,106cbf2f08373602,2025-06,29,1500,1200,1600
Gujarat,Navsari,Bilimora,Onion,Nasik,FAQ,106cbf2f08373602,2025-07,31,1500,1400,1600
Gujarat,Navsari,Bilimora,Onion,Nasik,FAQ,106cbf2f08373602,2025-08,29,1400,1400,1400
Gujarat,Navsari,Bilimora,Onion,Nasik,FAQ,106cbf2f08373602,2025-09,23,1400,1300,1400
Gujarat,Navsari,Bilimora,Onion,Nasik,FAQ,106cbf2f08373602,2025-10,18,1200,1125,1200
Gujarat,Navsari,Bilimora,Onion,Nasik,FAQ,106cbf2f08373602,2025-11,4,1600,1550,1600
Gujarat,Navsari,Bilimora,Potato,Other,FAQ,deff683fe4455392,2024-01,3,1600,1500,1600
Gujarat,Navsari,Bilimora,Potato,Other,FAQ,deff683fe4455392,2024-02,15,1500,1400,1500
Gujarat,Navsari,Bilimora,Potato,Other,FAQ,deff683fe4455392,2024-03,13,1600,1600,1700
Gujarat,Navsari,Bilimora,Potato,Other,FAQ,deff683fe4455392,2024-04,13,2600,2500,2700
Gujarat,Navsari,Bilimora,Potato,Other,FAQ,deff683fe4455392,2024-05,30,2500,2500,2500
Gujarat,Navsari,Bilimora,Potato,Other,FAQ,deff683fe4455392,2024-06,28,2600,2500,2900
Gujarat,Navsari,Bilimora,Potato,Other,FAQ,deff683fe4455392,2024-07,31,2900,2800,2900
Gujarat,Navsari,Bilimora,Potato,Other,FAQ,deff683fe4455392,2024-08,28,2800,2800,2900
Gujarat,Navsari,Bilimora,Potato,Other,FAQ,deff683fe4455392,2024-09,29,2900,2800,2900
Gujarat,Navsari,Bilimora,Potato,Other,FAQ,deff683fe4455392,2024-10,28,3000,2875,3025
Gujarat,Navsari,Bilimora,Potato,Other,FAQ,deff683fe4455392,2024-11,29,3500,3200,3600
Gujarat,Navsari,Bilimora,Potato,Other,FAQ,deff683fe4455392,2024-12,29,3000,2600,3100
Gujarat,Navsari,Bilimora,Potato,Other,FAQ,deff683fe4455392,2025-01,30,2600,2200,2800
Gujarat,Navsari,Bilimora,Potato,Other,FAQ,deff683fe4455392,2025-02,24,1400,1400,1600
Gujarat,Navsari,Bilimora,Potato,Other,FAQ,deff683fe4455392,2025-03,31,1500,1500,1500
Gujarat,Navsari,Bilimora,Potato,Other,FAQ,deff683fe4455392,2025-04,28,1600,1600,1600
Gujarat,Navsari,Bilimora,Potato,Other,FAQ,deff683fe4455392,2025-05,29,1800,1700,1800
Gujarat,Navsari,Bilimora,Potato,Other,FAQ,deff683fe4455392,2025-06,29,1800,1800,1800
Gujarat,Navsari,Bilimora,Potato,Other,FAQ,deff683fe4455392,2025-07,31,1800,1800,1800
Gujarat,Navsari,Bilimora,Potato,Other,FAQ,deff683fe4455392,2025-08,28,1800,1800,1800
Gujarat,Navsari,Bilimora,Potato,Other,FAQ,deff683fe4455392,2025-09,24,1900,1700,1900
Gujarat,Navsari,Bilimora,Potato,Other,FAQ,deff683fe4455392,2025-10,13,2000,1900,2000
Gujarat,Navsari,Bilimora,Potato,Other,FAQ,deff683fe4455392,2025-11,4,2400,2325,2500
Gujarat,Navsari,Bilimora,Tomato,Other,FAQ,f17a4491dc2d8470,2024-01,3,1500,1500,2250
Gujarat,Navsari,Bilimora,Tomato,Other,FAQ,f17a4491dc2d8470,2024-02,15,2200,1850,2800
Gujarat,Navsari,Bilimora,Tomato,Other,FAQ,f17a4491dc2d8470,2024-03,13,1500,1200,1500
Gujarat,Navsari,Bilimora,Tomato,Other,FAQ,f17a4491dc2d8470,2024-04,13,900,800,900
Gujarat,Navsari,Bilimora,Tomato,Other,FAQ,f17a4491dc2d8470,2024-05,30,1050,800,1200
Gujarat,Navsari,Bilimora,Tomato,Other,FAQ,f17a4491dc2d8470,2024-06,28,3450,2200,4275
Gujarat,Navsari,Bilimora,Tomato,Other,FAQ,f17a4491dc2d8470,2024-07,31,5000,4800,5500
Gujarat,Navsari,Bilimora,Tomato,Other,FAQ,f17a4491dc2d8470,2024-08,28,2200,2000,2800
Gujarat,Navsari,Bilimora,Tomato,Other,FAQ,f17a4491dc2d8470,2024-09,29,2200,1800,3500
Gujarat,Navsari,Bilimora,Tomato,Other,FAQ,f17a4491dc2d8470,2024-10,28,4500,3950,5000
Gujarat,Navsari,Bilimora,Tomato,Other,FAQ,f17a4491dc2d8470,2024-11,29,2500,2200,2500
Gujarat,Navsari,Bilimora,Tomato,Other,FAQ,f17a4491dc2d8470,2024-12,30,2500,2200,2800
Gujarat,Navsari,Bilimora,Tomato,Other,FAQ,f17a4491dc2d8470,2025-01,30,1200,925,1400
Gujarat,Navsari,Bilimora,Tomato,Other,FAQ,f17a4491dc2d8470,2025-02,24,1100,900,1100
Gujarat,Navsari,Bilimora,Tomato,Other,FAQ,f17a4491dc2d8470,2025-03,31,800,800,900
Gujarat,Navsari,Bilimora,Tomato,Other,FAQ,f17a4491dc2d8470,2025-04,28,1200,900,1200
Gujarat,Navsari,Bilimora,Tomato,Other,FAQ,f17a4491dc2d8470,2025-05,29,1500,1300,1800
Gujarat,Navsari,Bilimora,Tomato,Other,FAQ,f17a4491dc2d8470,2025-06,29,2000,1600,2000
Gujarat,Navsari,Bilimora,Tomato,Other,FAQ,f17a4491dc2d8470,2025-07,31,2600,2350,3650
Gujarat,Navsari,Bilimora,Tomato,Other,FAQ,f17a4491dc2d8470,2025-08,29,4200,3000,4500
Gujarat,Navsari,Bilimora,Tomato,Other,FAQ,f17a4491dc2d8470,2025-09,30,1700,1500,1800
Gujarat,Navsari,Bilimora,Tomato,Other,FAQ,f17a4491dc2d8470,2025-10,19,1600,1500,1950
Gujarat,Navsari,Bilimora,Tomato,Other,FAQ,f17a4491dc2d8470,2025-11,1,1400,1400,1400
Gujarat,Navsari,Bilimora APMC,Potato,Other,FAQ,a1c6fed6d85e7288,2025-12,10,2200,2200,2300
Gujarat,Navsari,Bilimora APMC,Tomato,Other,FAQ,5912b535c4121f10,2025-12,8,3500,3000,4050
Gujarat,Navsari,Navsari,Potato,(Red Nanital),FAQ,d31d4b8062cc54fc,2024-02,17,1350,1350,1400
Gujarat,Navsari,Navsari,Potato,(Red Nanital),FAQ,d31d4b8062cc54fc,2024-03,16,1400,1350,1462.5
Gujarat,Navsari,Navsari,Potato,(Red Nanital),FAQ,d31d4b8062cc54fc,2024-04,16,2100,1843.75,2318.75
Gujarat,Navsari,Navsari,Potato,(Red Nanital),FAQ,d31d4b8062cc54fc,2024-05,22,2200,2150,2243.75
Gujarat,Navsari,Navsari,Potato,(Red Nanital),FAQ,d31d4b8062cc54fc,2024-06,25,2500,2425,2550
Gujarat,Navsari,Navsari,Potato,(Red Nanital),FAQ,d31d4b8062cc54fc,2024-07,26,2575,2431.25,2643.75
Gujarat,Navsari,Navsari,Potato,(Red Nanital),FAQ,d31d4b8062cc54fc,2024-08,28,2600,2543.75,2650
Gujarat,Navsari,Navsari,Potato,(Red Nanital),FAQ,d31d4b8062cc54fc,2024-09,28,2650,2600,2700
Gujarat,Navsari,Navsari,Potato,(Red Nanital),FAQ,d31d4b8062cc54fc,2024-10,29,2875,2850,2950
Gujarat,Navsari,Navsari,Potato,(Red Nanital),FAQ,d31d4b8062cc54fc,2024-11,20,2900,2868.75,2950
Gujarat,Navsari,Navsari,Potato,(Red Nanital),FAQ,d31d4b8062cc54fc,2024-12,26,2825,2550,2875
Gujarat,Navsari,Navsari,Potato,(Red Nanital),FAQ,d31d4b8062cc54fc,2025-01,21,1850,1700,1925
Gujarat,Navsari,Navsari,Potato,(Red Nanital),FAQ,d31d4b8062cc54fc,2025-02,22,1600,1531.25,1643.75
Gujarat,Navsari,Navsari,Potato,(Red Nanital),FAQ,d31d4b8062cc54fc,2025-03,27,1475,1400,1512.5
Gujarat,Navsari,Navsari,Potato,(Red Nanital),FAQ,d31d4b8062cc54fc,2025-04,29,1525,1450,1600
Gujarat,Navsari,Navsari,Potato,(Red Nanital),FAQ,d31d4b8062cc54fc,2025-05,30,1600,1550,1650
Gujarat,Navsari,Navsari,Potato,(Red Nanital),FAQ,d31d4b8062cc54fc,2025-06,30,1500,1450,1550
Gujarat,Navsari,Navsari,Potato,(Red Nanital),FAQ,d31d4b8062cc54fc,2025-07,30,1500,1500,1550
Gujarat,Navsari,Navsari,Potato,(Red Nanital),FAQ,d31d4b8062cc54fc,2025-08,30,1450,1406.25,1500
Gujarat,Navsari,Navsari,Potato,(Red Nanital),FAQ,d31d4b8062cc54fc,2025-09,22,1412.5,1400,1487.5
Gujarat,Navsari,Navsari,Potato,(Red Nanital),FAQ,d31d4b8062cc54fc,2025-10,18,1600,1550,1700
Gujarat,Navsari,Navsari,Potato,(Red Nanital),FAQ,d31d4b8062cc54fc,2025-11,2,1887.5,1831.25,1943.75
Gujarat,Navsari,Navsari,Tomato,Other,FAQ,a756f343bb8d8ca0,2024-01,18,1500,1406.25,1831.25
Gujarat,Navsari,Navsari,Tomato,Other,FAQ,a756f343bb8d8ca0,2024-02,19,1750,1500,2150
Gujarat,Navsari,Navsari,Tomato,Other,FAQ,a756f343bb8d8ca0,2024-03,16,1437.5,1250,1500
Gujarat,Navsari,Navsari,Tomato,Other,FAQ,a756f343bb8d8ca0,2024-04,16,937.5,837.5,962.5
Gujarat,Navsari,Navsari,Tomato,Other,FAQ,a756f343bb8d8ca0,2024-05,22,975,856.25,1250
Gujarat,Navsari,Navsari,Tomato,Other,FAQ,a756f343bb8d8ca0,2024-06,25,3250,2500,4000
Gujarat,Navsari,Navsari,Tomato,Other,FAQ,a756f343bb8d8ca0,2024-07,27,4750,4125,5187.5
Gujarat,Navsari,Navsari,Tomato,Other,FAQ,a756f343bb8d8ca0,2024-08,30,2187.5,2000,2500
Gujarat,Navsari,Navsari,Tomato,Other,FAQ,a756f343bb8d8ca0,2024-09,28,2437.5,1750,3062.5
Gujarat,Navsari,Navsari,Tomato,Other,FAQ,a756f343bb8d8ca0,2024-10,29,4250,3250,4750
Gujarat,Navsari,Navsari,Tomato,Other,FAQ,a756f343bb8d8ca0,2024-11,20,2000,2000,2375
Gujarat,Navsari,Navsari,Tomato,Other,FAQ,a756f343bb8d8ca0,2024-12,26,2187.5,1881.25,2687.5
Gujarat,Navsari,Navsari,Tomato,Other,FAQ,a756f343bb8d8ca0,2025-01,29,900,875,1000
Gujarat,Navsari,Navsari,Tomato,Other,FAQ,a756f343bb8d8ca0,2025-02,23,750,750,750
Gujarat,Navsari,Navsari,Tomato,Other,FAQ,a756f343bb8d8ca0,2025-03,28,750,750,800
Gujarat,Navsari,Navsari,Tomato,Other,FAQ,a756f343bb8d8ca0,2025-04,29,800,750,850
Gujarat,Navsari,Navsari,Tomato,Other,FAQ,a756f343bb8d8ca0,2025-05,31,1500,1250,1687.5
Gujarat,Navsari,Navsari,Tomato,Other,FAQ,a756f343bb8d8ca0,2025-06,30,1625,1500,1875
Gujarat,Navsari,Navsari,Tomato,Other,FAQ,a756f343bb8d8ca0,2025-07,31,2000,1750,2812.5
Gujarat,Navsari,Navsari,Tomato,Other,FAQ,a756f343bb8d8ca0,2025-08,30,3750,3312.5,3750
Gujarat,Navsari,Navsari,Tomato,Other,FAQ,a756f343bb8d8ca0,2025-09,30,1750,1425,2125
Gujarat,Navsari,Navsari,Tomato,Other,FAQ,a756f343bb8d8ca0,2025-10,20,1625,1500,1750
Gujarat,Navsari,Navsari,Tomato,Other,FAQ,a756f343bb8d8ca0,2025-11,2,1387.5,1331.25,1443.75
Gujarat,Navsari,Navsari APMC,Onion,Onion,Local,f3ac9df6b528b9ab,2025-12,4,1900,1750,1975
Gujarat,Navsari,Navsari APMC,Potato,Potato,Local,2475a4733d1502bd,2025-12,9,1800,1750,1850
Gujarat,Navsari,Navsari APMC,Tomato,Tomato,Local,4606e448b0ab51a1,2025-12,12,3625,2343.75,3875
Gujarat,Patan,"Patan (Veg,Yard Patan)",Tomato,Other,FAQ,cd6d77e5a6423c18,2024-12,2,1325,1237.5,1412.5
Gujarat,Patan,"Patan (Veg,Yard Patan) APMC",Tomato,Other,FAQ,db7496ff763fe864,2025-12,1,2000,2000,2000
Gujarat,Porbandar,Porbandar,Onion,Other,FAQ,7cbcf23fc6e23be7,2024-01,24,1550,1387.5,1750
Gujarat,Porbandar,Porbandar,Onion,Other,FAQ,7cbcf23fc6e23be7,2024-02,23,1250,1250,1250
Gujarat,Porbandar,Porbandar,Onion,Other,FAQ,7cbcf23fc6e23be7,2024-03,22,1750,1500,1750
Gujarat,Porbandar,Porbandar,Onion,Other,FAQ,7cbcf23fc6e23be7,2024-04,18,1250,1000,1437.5
Gujarat,Porbandar,Porbandar,Onion,Other,FAQ,7cbcf23fc6e23be7,2024-05,26,1750,1750,1750
Gujarat,Porbandar,Porbandar,Onion,Other,FAQ,7cbcf23fc6e23be7,2024-06,17,2250,2000,3000
Gujarat,Porbandar,Porbandar,Onion,Other,FAQ,7cbcf23fc6e23be7,2024-07,22,3000,2750,3000
Gujarat,Porbandar,Porbandar,Onion,Other,FAQ,7cbcf23fc6e23be7,2024-08,21,3250,3000,3250
Gujarat,Porbandar,Porbandar,Onion,Other,FAQ,7cbcf23fc6e23be7,2024-09,24,4000,4000,4500
Gujarat,Porbandar,Porbandar,Onion,Other,FAQ,7cbcf23fc6e23be7,2024-10,26,4500,4500,4500
Gujarat,Porbandar,Porbandar,Onion,Other,FAQ,7cbcf23fc6e23be7,2024-11,19,4500,4000,5500
Gujarat,Porbandar,Porbandar,Onion,Other,FAQ,7cbcf23fc6e23be7,2024-12,25,1750,1750,2500
Gujarat,Porbandar,Porbandar,Onion,Other,FAQ,7cbcf23fc6e23be7,2025-01,24,1750,1750,2000
Gujarat,Porbandar,Porbandar,Onion,Other,FAQ,7cbcf23fc6e23be7,2025-02,18,2250,1750,2812.5
Gujarat,Porbandar,Porbandar,Onion,Other,FAQ,7cbcf23fc6e23be7,2025-03,22,2000,2000,2000
Gujarat,Porbandar,Porbandar,Onion,Other,FAQ,7cbcf23fc6e23be7,2025-04,3,1000,1000,1125
Gujarat,Porbandar,Porbandar,Onion,Other,FAQ,7cbcf23fc6e23be7,2025-05,15,1250,1250,1250
Gujarat,Porbandar,Porbandar,Onion,Other,FAQ,7cbcf23fc6e23be7,2025-06,23,1250,1250,1500
Gujarat,Porbandar,Porbandar,Onion,Other,FAQ,7cbcf23fc6e23be7,2025-07,25,1250,1000,1500
Gujarat,Porbandar,Porbandar,Onion,Other,FAQ,7cbcf23fc6e23be7,2025-08,21,1250,1000,1250
Gujarat,Porbandar,Porbandar,Onion,Other,FAQ,7cbcf23fc6e23be7,2025-09,19,1250,1000,1250
Gujarat,Porbandar,Porbandar,Onion,Other,FAQ,7cbcf23fc6e23be7,2025-10,16,1000,1000,1062.5
Gujarat,Porbandar,Porbandar,Onion,Other,FAQ,7cbcf23fc6e23be7,2025-11,2,1125,937.5,1312.5
Gujarat,Porbandar,Porbandar,Onion,Other,Non-FAQ,bc961443cabeaa60,2025-02,5,1750,1750,1750
Gujarat,Porbandar,Porbandar,Onion,Other,Non-FAQ,bc961443cabeaa60,2025-03,1,2000,2000,2000
Gujarat,Porbandar,Porbandar,Onion,Other,Non-FAQ,bc961443cabeaa60,2025-04,23,1000,1000,1250
Gujarat,Porbandar,Porbandar,Onion,Other,Non-FAQ,bc961443cabeaa60,2025-05,10,1250,1062.5,1250
Gujarat,Porbandar,Porbandar,Onion,Other,Non-FAQ,bc961443cabeaa60,2025-06,1,1250,1250,1250
Gujarat,Porbandar,Porbandar,Potato,(Red Nanital),FAQ,2c7e66786c54db6e,2024-01,23,1750,1625,2000
Gujarat,Porbandar,Porbandar,Potato,(Red Nanital),FAQ,2c7e66786c54db6e,2024-02,22,1500,1500,1500
Gujarat,Porbandar,Porbandar,Potato,(Red Nanital),FAQ,2c7e66786c54db6e,2024-03,22,1375,1250,1500
Gujarat,Porbandar,Porbandar,Potato,(Red Nanital),FAQ,2c7e66786c54db6e,2024-04,18,2250,2250,2500
Gujarat,Porbandar,Porbandar,Potato,(Red Nanital),FAQ,2c7e66786c54db6e,2024-05,26,2500,2250,2500
Gujarat,Porbandar,Porbandar,Potato,(Red Nanital),FAQ,2c7e66786c54db6e,2024-06,17,2250,2250,2500
Gujarat,Porbandar,Porbandar,Potato,(Red Nanital),FAQ,2c7e66786c54db6e,2024-07,22,2750,2750,3000
Gujarat,Porbandar,Porbandar,Potato,(Red Nanital),FAQ,2c7e66786c54db6e,2024-08,22,2750,2562.5,3000
Gujarat,Porbandar,Porbandar,Potato,(Red Nanital),FAQ,2c7e66786c54db6e,2024-09,24,2750,2750,3000
Gujarat,Porbandar,Porbandar,Potato,(Red Nanital),FAQ,2c7e66786c54db6e,2024-10,26,3000,2750,3000
Gujarat,Porbandar,Porbandar,Potato,(Red Nanital),FAQ,2c7e66786c54db6e,2024-11,19,3000,2875,3000
Gujarat,Porbandar,Porbandar,Potato,(Red Nanital),FAQ,2c7e66786c54db6e,2024-12,25,2500,2500,2750
Gujarat,Porbandar,Porbandar,Potato,(Red Nanital),FAQ,2c7e66786c54db6e,2025-01,17,2000,2000,2250
Gujarat,Porbandar,Porbandar,Potato,(Red Nanital),FAQ,2c7e66786c54db6e,2025-02,10,1250,1250,1250
Gujarat,Porbandar,Porbandar,Potato,(Red Nanital),FAQ,2c7e66786c54db6e,2025-03,3,1500,1375,1500
Gujarat,Porbandar,Porbandar,Potato,(Red Nanital),FAQ,2c7e66786c54db6e,2025-05,22,1500,1500,1500
Gujarat,Porbandar,Porbandar,Potato,(Red Nanital),FAQ,2c7e66786c54db6e,2025-06,24,1500,1500,1500
Gujarat,Porbandar,Porbandar,Potato,(Red Nanital),FAQ,2c7e66786c54db6e,2025-07,25,1500,1500,1500
Gujarat,Porbandar,Porbandar,Potato,(Red Nanital),FAQ,2c7e66786c54db6e,2025-08,21,1500,1250,1500
Gujarat,Porbandar,Porbandar,Potato,(Red Nanital),FAQ,2c7e66786c54db6e,2025-09,21,1250,1250,1500
Gujarat,Porbandar,Porbandar,Potato,(Red Nanital),FAQ,2c7e66786c54db6e,2025-10,14,1500,1500,1687.5
Gujarat,Porbandar,Porbandar,Potato,(Red Nanital),FAQ,2c7e66786c54db6e,2025-11,1,2000,2000,2000
Gujarat,Porbandar,Porbandar,Potato,(Red Nanital),Non-FAQ,5fdb71f64f6df7c5,2025-01,1,1500,1500,1500
Gujarat,Porbandar,Porbandar,Potato,(Red Nanital),Non-FAQ,5fdb71f64f6df7c5,2025-02,13,1500,1500,1500
Gujarat,Porbandar,Porbandar,Potato,(Red Nanital),Non-FAQ,5fdb71f64f6df7c5,2025-03,19,1250,1250,1375
Gujarat,Porbandar,Porbandar,Potato,(Red Nanital),Non-FAQ,5fdb71f64f6df7c5,2025-04,26,1250,1250,1250
Gujarat,Porbandar,Porbandar,Potato,(Red Nanital),Non-FAQ,5fdb71f64f6df7c5,2025-05,4,1500,1500,1500
Gujarat,Porbandar,Porbandar,Potato,(Red Nanital),Non-FAQ,5fdb71f64f6df7c5,2025-06,1,1500,1500,1500
Gujarat,Porbandar,Porbandar,Tomato,Deshi,FAQ,8908ed5abe34cbc8,2024-01,23,750,750,1125
Gujarat,Porbandar,Porbandar,Tomato,Deshi,FAQ,8908ed5abe34cbc8,2024-02,22,1500,1250,1750
Gujarat,Porbandar,Porbandar,Tomato,Deshi,FAQ,8908ed5abe34cbc8,2024-03,22,1250,1156.25,1250
Gujarat,Porbandar,Porbandar,Tomato,Deshi,FAQ,8908ed5abe34cbc8,2024-04,18,1500,1000,1750
Gujarat,Porbandar,Porbandar,Tomato,Deshi,FAQ,8908ed5abe34cbc8,2024-05,26,1750,1500,2250
Gujarat,Porbandar,Porbandar,Tomato,Deshi,FAQ,8908ed5abe34cbc8,2024-06,17,3000,2500,5500
Gujarat,Porbandar,Porbandar,Tomato,Deshi,FAQ,8908ed5abe34cbc8,2024-07,22,5500,5500,6000
Gujarat,Porbandar,Porbandar,Tomato,Deshi,FAQ,8908ed5abe34cbc8,2024-08,22,4250,3500,4500
Gujarat,Porbandar,Porbandar,Tomato,Deshi,FAQ,8908ed5abe34cbc8,2024-09,24,4000,4000,4500
Gujarat,Porbandar,Porbandar,Tomato,Deshi,FAQ,8908ed5abe34cbc8,2024-10,26,6500,5312.5,7500
Gujarat,Porbandar,Porbandar,Tomato,Deshi,FAQ,8908ed5abe34cbc8,2024-11,18,3500,3250,4000
Gujarat,Porbandar,Porbandar,Tomato,Deshi,FAQ,8908ed5abe34cbc8,2024-12,25,2750,2750,4500
Gujarat,Porbandar,Porbandar,Tomato,Deshi,FAQ,8908ed5abe34cbc8,2025-01,16,1000,937.5,1250
Gujarat,Porbandar,Porbandar,Tomato,Deshi,FAQ,8908ed5abe34cbc8,2025-03,1,750,750,750
Gujarat,Porbandar,Porbandar,Tomato,Deshi,FAQ,8908ed5abe34cbc8,2025-05,19,1750,1250,2000
Gujarat,Porbandar,Porbandar,Tomato,Deshi,FAQ,8908ed5abe34cbc8,2025-06,25,2500,2500,3000
Gujarat,Porbandar,Porbandar,Tomato,Deshi,FAQ,8908ed5abe34cbc8,2025-07,25,3250,3250,3500
Gujarat,Porbandar,Porbandar,Tomato,Deshi,FAQ,8908ed5abe34cbc8,2025-08,21,4500,4500,4500
Gujarat,Porbandar,Porbandar,Tomato,Deshi,FAQ,8908ed5abe34cbc8,2025-09,25,2750,2250,3000
Gujarat,Porbandar,Porbandar,Tomato,Deshi,FAQ,8908ed5abe34cbc8,2025-10,16,2375,2250,2500
Gujarat,Porbandar,Porbandar,Tomato,Deshi,FAQ,8908ed5abe34cbc8,2025-11,1,3000,3000,3000
Gujarat,Porbandar,Porbandar,Tomato,Deshi,Non-FAQ,bb58487b0aedbabf,2025-01,2,875,812.5,937.5
Gujarat,Porbandar,Porbandar,Tomato,Deshi,Non-FAQ,bb58487b0aedbabf,2025-02,23,750,625,750
Gujarat,Porbandar,Porbandar,Tomato,Deshi,Non-FAQ,bb58487b0aedbabf,2025-03,22,750,750,750
Gujarat,Porbandar,Porbandar,Tomato,Deshi,Non-FAQ,bb58487b0aedbabf,2025-04,26,875,750,1000
Gujarat,Porbandar,Porbandar,Tomato,Deshi,Non-FAQ,bb58487b0aedbabf,2025-05,7,1250,1250,1375
Gujarat,Porbandar,Porbandar,Tomato,Deshi,Non-FAQ,bb58487b0aedbabf,2025-09,1,2000,2000,2000
Gujarat,Porbandar,Porbandar APMC,Onion,Other,Non-FAQ,9089f9015f567313,2025-12,5,1250,1250,1250
Gujarat,Porbandar,Porbandar APMC,Potato,Red Nanital,FAQ,321180181c6b8394,2025-12,5,1500,1250,1500
Gujarat,Porbandar,Porbandar APMC,Potato,Red Nanital,Non-FAQ,a7ce761f54ccb246,2025-12,2,1625,1562.5,1687.5
Gujarat,Porbandar,Porbandar APMC,Tomato,Deshi,FAQ,922523a0f97eb733,2025-12,7,3750,3000,5000
Gujarat,Rajkot,Dhoraji,Onion,Local,FAQ,d14c6046b473c12e,2024-01,5,1355,880,1355
Gujarat,Rajkot,Dhoraji,Onion,Local,FAQ,d14c6046b473c12e,2024-11,1,2905,2905,2905
Gujarat,Rajkot,Dhoraji,Onion,Local,FAQ,d14c6046b473c12e,2025-02,1,2180,2180,2180
Gujarat,Rajkot,Dhoraji,Onion,Nasik,FAQ,9f18e013191d7f0d,2024-01,19,1180,1055,1355
Gujarat,Rajkot,Dhoraji,Onion,Nasik,FAQ,9f18e013191d7f0d,2024-02,23,1080,867.5,1230
Gujarat,Rajkot,Dhoraji,Onion,Nasik,FAQ,9f18e013191d7f0d,2024-03,15,1305,1040,1405
Gujarat,Rajkot,Dhoraji,Onion,Nasik,FAQ,9f18e013191d7f0d,2024-11,17,2755,2405,2980
Gujarat,Rajkot,Dhoraji,Onion,Nasik,FAQ,9f18e013191d7f0d,2024-12,26,2267.5,1567.5,2780
Gujarat,Rajkot,Dhoraji,Onion,Nasik,FAQ,9f18e013191d7f0d,2025-01,16,1817.5,1680,1905
Gujarat,Rajkot,Dhoraji,Onion,Nasik,FAQ,9f18e013191d7f0d,2025-02,9,2280,1880,2480
Gujarat,Rajkot,Dhoraji,Onion,Nasik,FAQ,9f18e013191d7f0d,2025-03,5,1680,1480,1705
Gujarat,Rajkot,Dhoraji,Onion,Nasik,Non-FAQ,c6f4e811e2e5f78a,2025-01,8,1880,1817.5,1961.25
Gujarat,Rajkot,Dhoraji,Onion,Nasik,Non-FAQ,c6f4e811e2e5f78a,2025-02,12,1955,1823.75,2123.75
Gujarat,Rajkot,Dhoraji,Onion,Nasik,Non-FAQ,c6f4e811e2e5f78a,2025-03,5,2105,2105,2105
Gujarat,Rajkot,Dhoraji APMC,Onion,Nasik,Non-FAQ,920543e8b00cd1e3,2025-12,8,855,736.25,967.5
Gujarat,Rajkot,Gondal,Onion,Red,FAQ,d6ce409ee8702f13,2024-01,21,1355,1005,1405
Gujarat,Rajkot,Gondal,Onion,Red,FAQ,d6ce409ee8702f13,2024-02,20,1030,980,1236.25
Gujarat,Rajkot,Gondal,Onion,Red,FAQ,d6ce409ee8702f13,2024-03,17,1380,1205,1430
Gujarat,Rajkot,Gondal,Onion,Red,FAQ,d6ce409ee8702f13,2024-04,21,1055,955,1105
Gujarat,Rajkot,Gondal,Onion,Red,FAQ,d6ce409ee8702f13,2024-05,26,1105,1055,1155
Gujarat,Rajkot,Gondal,Onion,Red,FAQ,d6ce409ee8702f13,2024-06,21,1930,1655,2080
Gujarat,Rajkot,Gondal,Onion,Red,FAQ,d6ce409ee8702f13,2024-07,24,2192.5,2130,2305
Gujarat,Rajkot,Gondal,Onion,Red,FAQ,d6ce409ee8702f13,2024-08,13,2605,2305,2955
Gujarat,Rajkot,Gondal,Onion,Red,FAQ,d6ce409ee8702f13,2024-09,21,3505,2955,3655
Gujarat,Rajkot,Gondal,Onion,Red,FAQ,d6ce409ee8702f13,2024-10,23,3855,3767.5,3867.5
Gujarat,Rajkot,Gondal,Onion,Red,FAQ,d6ce409ee8702f13,2024-11,14,3105,2967.5,3192.5
Gujarat,Rajkot,Gondal,Onion,Red,FAQ,d6ce409ee8702f13,2024-12,21,2355,1505,2755
Gujarat,Rajkot,Gondal,Onion,Red,FAQ,d6ce409ee8702f13,2025-01,21,1755,1705,1880
Gujarat,Rajkot,Gondal,Onion,Red,FAQ,d6ce409ee8702f13,2025-02,17,1955,1855,2105
Gujarat,Rajkot,Gondal,Onion,Red,FAQ,d6ce409ee8702f13,2025-03,15,1255,1092.5,1805
Gujarat,Rajkot,Gondal,Onion,Red,FAQ,d6ce409ee8702f13,2025-04,18,667.5,611.25,748.75
Gujarat,Rajkot,Gondal,Onion,Red,FAQ,d6ce409ee8702f13,2025-05,16,505,473.75,655
Gujarat,Rajkot,Gondal,Onion,Red,FAQ,d6ce409ee8702f13,2025-06,18,667.5,511.25,780
Gujarat,Rajkot,Gondal,Onion,Red,FAQ,d6ce409ee8702f13,2025-07,15,730,705,755
Gujarat,Rajkot,Gondal,Onion,Red,FAQ,d6ce409ee8702f13,2025-08,12,742.5,698.75,855
Gujarat,Rajkot,Gondal,Onion,Red,FAQ,d6ce409ee8702f13,2025-09,13,655,630,655
Gujarat,Rajkot,Gondal,Onion,Red,FAQ,d6ce409ee8702f13,2025-10,10,730,730,748.75
Gujarat,Rajkot,Gondal,Onion,White,FAQ,e161b554e13049e8,2024-01,20,1230,1198.75,1305
Gujarat,Rajkot,Gondal,Onion,White,FAQ,e161b554e13049e8,2024-02,20,1192.5,1155,1280
Gujarat,Rajkot,Gondal,Onion,White,FAQ,e161b554e13049e8,2024-03,17,1130,1080,1150
Gujarat,Rajkot,Gondal,Onion,White,FAQ,e161b554e13049e8,2024-04,21,1170,1160,1240
Gujarat,Rajkot,Gondal,Onion,White,FAQ,e161b554e13049e8,2024-05,25,1230,1200,1260
Gujarat,Rajkot,Gondal,Onion,White,FAQ,e161b554e13049e8,2024-06,6,1127.5,1048.75,1157.5
Gujarat,Rajkot,Gondal,Onion,White,FAQ,e161b554e13049e8,2024-07,1,2255,2255,2255
Gujarat,Rajkot,Gondal,Onion,White,FAQ,e161b554e13049e8,2024-12,15,1605,1530,1967.5
Gujarat,Rajkot,Gondal,Onion,White,FAQ,e161b554e13049e8,2025-01,17,1380,1180,1505
Gujarat,Rajkot,Gondal,Onion,White,FAQ,e161b554e13049e8,2025-02,17,1130,1105,1180
Gujarat,Rajkot,Gondal,Onion,White,FAQ,e161b554e13049e8,2025-03,16,1000,890,1082.5
Gujarat,Rajkot,Gondal,Onion,White,FAQ,e161b554e13049e8,2025-04,15,620,565,725
Gujarat,Rajkot,Gondal,Onion,White,FAQ,e161b554e13049e8,2025-05,15,620,480,690
Gujarat,Rajkot,Gondal,Onion,White,FAQ,e161b554e13049e8,2025-06,18,925,851.25,1001.25
Gujarat,Rajkot,Gondal,Onion,White,FAQ,e161b554e13049e8,2025-07,13,780,730,855
Gujarat,Rajkot,Gondal,Onion,White,FAQ,e161b554e13049e8,2025-08,3,505,455,555
Gujarat,Rajkot,Gondal (Veg.market Gondal),Potato,(Red Nanital),FAQ,b54d304606b52e82,2024-03,2,1250,1250,1250
Gujarat,Rajkot,Gondal (Veg.market Gondal),Potato,Potato,FAQ,07cfc84bb62e49fa,2024-04,9,430,420,450
Gujarat,Rajkot,Gondal (Veg.market Gondal),Potato,Potato,FAQ,07cfc84bb62e49fa,2024-05,18,405,400,420
Gujarat,Rajkot,Gondal (Veg.market Gondal),Potato,Potato,FAQ,07cfc84bb62e49fa,2024-06,23,475,450,500
Gujarat,Rajkot,Gondal (Veg.market Gondal),Potato,Potato,FAQ,07cfc84bb62e49fa,2024-07,29,500,500,505
Gujarat,Rajkot,Gondal (Veg.market Gondal),Potato,Potato,FAQ,07cfc84bb62e49fa,2024-08,10,500,500,517.5
Gujarat,Rajkot,Gondal (Veg.market Gondal),Potato,Potato,FAQ,07cfc84bb62e49fa,2024-09,29,500,500,510
Gujarat,Rajkot,Gondal (Veg.market Gondal),Potato,Potato,FAQ,07cfc84bb62e49fa,2024-10,28,510,498.75,520
Gujarat,Rajkot,Gondal (Veg.market Gondal),Potato,Potato,FAQ,07cfc84bb62e49fa,2024-11,24,540,525,550
Gujarat,Rajkot,Gondal (Veg.market Gondal),Potato,Potato,FAQ,07cfc84bb62e49fa,2024-12,29,500,475,520
Gujarat,Rajkot,Gondal (Veg.market Gondal),Potato,Potato,FAQ,07cfc84bb62e49fa,2025-01,24,400,328.75,433.75
Gujarat,Rajkot,Gondal (Veg.market Gondal),Potato,Potato,FAQ,07cfc84bb62e49fa,2025-02,20,255,240,271.25
Gujarat,Rajkot,Gondal (Veg.market Gondal),Potato,Potato,FAQ,07cfc84bb62e49fa,2025-03,25,250,230,260
Gujarat,Rajkot,Gondal (Veg.market Gondal),Potato,Potato,FAQ,07cfc84bb62e49fa,2025-04,27,260,250,275
Gujarat,Rajkot,Gondal (Veg.market Gondal),Potato,Potato,FAQ,07cfc84bb62e49fa,2025-05,28,270,260,291.25
Gujarat,Rajkot,Gondal (Veg.market Gondal),Potato,Potato,FAQ,07cfc84bb62e49fa,2025-06,26,270,260,278.75
Gujarat,Rajkot,Gondal (Veg.market Gondal),Potato,Potato,FAQ,07cfc84bb62e49fa,2025-07,25,260,250,265
Gujarat,Rajkot,Gondal (Veg.market Gondal),Potato,Potato,FAQ,07cfc84bb62e49fa,2025-08,21,250,250,260
Gujarat,Rajkot,Gondal (Veg.market Gondal),Potato,Potato,FAQ,07cfc84bb62e49fa,2025-09,23,265,252.5,270
Gujarat,Rajkot,Gondal (Veg.market Gondal),Potato,Potato,FAQ,07cfc84bb62e49fa,2025-10,20,297.5,290,300
Gujarat,Rajkot,Gondal (Veg.market Gondal),Potato,Potato,FAQ,07cfc84bb62e49fa,2025-11,4,397.5,392.5,402.5
Gujarat,Rajkot,Gondal (Veg.market Gondal),Potato,Potato,Non-FAQ,c0642f192cf07fbd,2025-02,5,240,235,250
Gujarat,Rajkot,Gondal (Veg.market Gondal),Potato,Potato,Non-FAQ,c0642f192cf07fbd,2025-03,4,235,218.75,246.25
Gujarat,Rajkot,Gondal (Veg.market Gondal),Potato,Potato,Non-FAQ,c0642f192cf07fbd,2025-05,1,270,270,270
Gujarat,Rajkot,Gondal (Veg.market Gondal),Potato,Potato,Non-FAQ,c0642f192cf07fbd,2025-07,1,270,270,270
Gujarat,Rajkot,Gondal (Veg.market Gondal),Tomato,Tomato,FAQ,878359c369f68244,2024-02,5,2250,1875,2500
Gujarat,Rajkot,Gondal (Veg.market Gondal),Tomato,Tomato,FAQ,878359c369f68244,2024-03,16,1862.5,1575,2031.25
Gujarat,Rajkot,Gondal (Veg.market Gondal),Tomato,Tomato,FAQ,878359c369f68244,2024-04,15,1500,1500,1750
Gujarat,Rajkot,Gondal (Veg.market Gondal),Tomato,Tomato,FAQ,878359c369f68244,2024-05,18,2000,1750,2437.5
Gujarat,Rajkot,Gondal (Veg.market Gondal),Tomato,Tomato,FAQ,878359c369f68244,2024-06,23,3500,3000,4875
Gujarat,Rajkot,Gondal (Veg.market Gondal),Tomato,Tomato,FAQ,878359c369f68244,2024-07,29,6000,5250,7000
Gujarat,Rajkot,Gondal (Veg.market Gondal),Tomato,Tomato,FAQ,878359c369f68244,2024-08,10,3750,3500,4000
Gujarat,Rajkot,Gondal (Veg.market Gondal),Tomato,Tomato,FAQ,878359c369f68244,2024-09,29,3750,3250,4000
Gujarat,Rajkot,Gondal (Veg.market Gondal),Tomato,Tomato,FAQ,878359c369f68244,2024-10,28,5250,4250,6062.5
Gujarat,Rajkot,Gondal (Veg.market Gondal),Tomato,Tomato,FAQ,878359c369f68244,2024-11,24,3250,3000,3500
Gujarat,Rajkot,Gondal (Veg.market Gondal),Tomato,Tomato,FAQ,878359c369f68244,2024-12,29,3000,2500,3250
Gujarat,Rajkot,Gondal (Veg.market Gondal),Tomato,Tomato,FAQ,878359c369f68244,2025-01,22,675,362.5,1187.5
Gujarat,Rajkot,Gondal (Veg.market Gondal),Tomato,Tomato,FAQ,878359c369f68244,2025-02,19,450,350,525
Gujarat,Rajkot,Gondal (Veg.market Gondal),Tomato,Tomato,FAQ,878359c369f68244,2025-03,25,550,550,600
Gujarat,Rajkot,Gondal (Veg.market Gondal),Tomato,Tomato,FAQ,878359c369f68244,2025-04,27,650,600,862.5
Gujarat,Rajkot,Gondal (Veg.market Gondal),Tomato,Tomato,FAQ,878359c369f68244,2025-05,28,1300,1225,1500
Gujarat,Rajkot,Gondal (Veg.market Gondal),Tomato,Tomato,FAQ,878359c369f68244,2025-06,26,2225,2000,2450
Gujarat,Rajkot,Gondal (Veg.market Gondal),Tomato,Tomato,FAQ,878359c369f68244,2025-07,27,3000,2475,3500
Gujarat,Rajkot,Gondal (Veg.market Gondal),Tomato,Tomato,FAQ,878359c369f68244,2025-08,20,3625,3150,4000
Gujarat,Rajkot,Gondal (Veg.market Gondal),Tomato,Tomato,FAQ,878359c369f68244,2025-09,28,1750,1700,2125
Gujarat,Rajkot,Gondal (Veg.market Gondal),Tomato,Tomato,FAQ,878359c369f68244,2025-10,22,2000,1675,2200
Gujarat,Rajkot,Gondal (Veg.market Gondal),Tomato,Tomato,FAQ,878359c369f68244,2025-11,3,2000,1750,2000
Gujarat,Rajkot,Gondal (Veg.market Gondal),Tomato,Tomato,Non-FAQ,0c141e3655f77c73,2025-01,6,362.5,306.25,418.75
Gujarat,Rajkot,Gondal (Veg.market Gondal),Tomato,Tomato,Non-FAQ,0c141e3655f77c73,2025-02,6,450,375,525
Gujarat,Rajkot,Gondal (Veg.market Gondal),Tomato,Tomato,Non-FAQ,0c141e3655f77c73,2025-03,4,500,450,550
Gujarat,Rajkot,Gondal (Veg.market Gondal),Tomato,Tomato,Non-FAQ,0c141e3655f77c73,2025-05,1,1150,1150,1150
Gujarat,Rajkot,Gondal (Veg.market Gondal) APMC,Potato,Potato,Local,75fa811a64a1596c,2025-12,10,1450,1281.25,1500
Gujarat,Rajkot,Gondal (Veg.market Gondal) APMC,Tomato,Tomato,Local,dc52b4d778a2daf8,2025-12,15,3000,2500,3275
Gujarat,Rajkot,Gondal APMC,Onion,Red,FAQ,df2c7555bccdfc69,2025-12,2,1367.5,1348.75,1386.25
Gujarat,Rajkot,Gondal APMC,Onion,White,FAQ,ff89fc9a5fc4ce52,2025-12,6,1205,942.5,1298.75
Gujarat,Rajkot,Jetpur (Dist.Rajkot),Onion,Onion,FAQ,8eebaf7d37c27e3e,2024-01,9,1000,855,1205
Gujarat,Rajkot,Jetpur (Dist.Rajkot),Onion,Onion,FAQ,8eebaf7d37c27e3e,2024-02,18,977.5,817.5,1250
Gujarat,Rajkot,Jetpur (Dist.Rajkot),Onion,Onion,FAQ,8eebaf7d37c27e3e,2024-03,17,1250,805,1255
Gujarat,Rajkot,Jetpur (Dist.Rajkot),Onion,Onion,FAQ,8eebaf7d37c27e3e,2024-04,20,975,791.25,1030
Gujarat,Rajkot,Jetpur (Dist.Rajkot),Onion,Onion,FAQ,8eebaf7d37c27e3e,2024-05,23,855,837.5,1230
Gujarat,Rajkot,Jetpur (Dist.Rajkot),Onion,Onion,FAQ,8eebaf7d37c27e3e,2024-06,19,1855,1580,2030
Gujarat,Rajkot,Jetpur (Dist.Rajkot),Onion,Onion,FAQ,8eebaf7d37c27e3e,2024-07,26,1855,1750,1905
Gujarat,Rajkot,Jetpur (Dist.Rajkot),Onion,Onion,FAQ,8eebaf7d37c27e3e,2024-08,16,2130,1892.5,2276.25
Gujarat,Rajkot,Jetpur (Dist.Rajkot),Onion,Onion,FAQ,8eebaf7d37c27e3e,2024-09,22,3105,3017.5,3238.75
Gujarat,Rajkot,Jetpur (Dist.Rajkot),Onion,Onion,FAQ,8eebaf7d37c27e3e,2024-10,20,3152.5,3092.5,3251.25
Gujarat,Rajkot,Jetpur (Dist.Rajkot),Onion,Onion,FAQ,8eebaf7d37c27e3e,2024-11,17,2705,2525,3055
Gujarat,Rajkot,Jetpur (Dist.Rajkot),Onion,Onion,FAQ,8eebaf7d37c27e3e,2024-12,22,2305,1605,2855
Gujarat,Rajkot,Jetpur (Dist.Rajkot),Onion,Onion,FAQ,8eebaf7d37c27e3e,2025-01,24,1705,1592.5,1750
Gujarat,Rajkot,Jetpur (Dist.Rajkot),Onion,Onion,FAQ,8eebaf7d37c27e3e,2025-02,21,1855,1805,1905
Gujarat,Rajkot,Jetpur (Dist.Rajkot),Onion,Onion,FAQ,8eebaf7d37c27e3e,2025-03,19,1405,1230,1812.5
Gujarat,Rajkot,Jetpur (Dist.Rajkot),Onion,Onion,FAQ,8eebaf7d37c27e3e,2025-04,24,705,605,767.5
Gujarat,Rajkot,Jetpur (Dist.Rajkot),Onion,Onion,FAQ,8eebaf7d37c27e3e,2025-05,16,605,492.5,705
Gujarat,Rajkot,Jetpur (Dist.Rajkot),Onion,Onion,FAQ,8eebaf7d37c27e3e,2025-06,21,650,600,730
Gujarat,Rajkot,Jetpur (Dist.Rajkot),Onion,Onion,FAQ,8eebaf7d37c27e3e,2025-07,20,755,738.75,766.25
Gujarat,Rajkot,Jetpur (Dist.Rajkot),Onion,Onion,FAQ,8eebaf7d37c27e3e,2025-08,16,755,670,1011.25
Gujarat,Rajkot,Jetpur (Dist.Rajkot),Onion,Onion,FAQ,8eebaf7d37c27e3e,2025-09,19,655,650,750
Gujarat,Rajkot,Jetpur (Dist.Rajkot),Onion,Onion,FAQ,8eebaf7d37c27e3e,2025-10,12,755,738.75,767.5
Gujarat,Rajkot,Jetpur (Dist.Rajkot),Onion,Onion,FAQ,8eebaf7d37c27e3e,2025-11,3,805,780,805
Gujarat,Rajkot,Jetpur (Dist.Rajkot) APMC,Onion,Onion,FAQ,c2aee0a6b6612c50,2025-12,6,727.5,645,866.25
Gujarat,Rajkot,Rajkot (Veg.Sub Yard),Onion,Onion,FAQ,9045e3a47d065806,2024-01,23,1050,805,1252.5
Gujarat,Rajkot,Rajkot (Veg.Sub Yard),Onion,Onion,FAQ,9045e3a47d065806,2024-02,24,877.5,800,1331.25
Gujarat,Rajkot,Rajkot (Veg.Sub Yard),Onion,Onion,FAQ,9045e3a47d065806,2024-03,22,1162.5,1025,1237.5
Gujarat,Rajkot,Rajkot (Veg.Sub Yard),Onion,Onion,FAQ,9045e3a47d065806,2024-04,24,1050,950,1200
Gujarat,Rajkot,Rajkot (Veg.Sub Yard),Onion,Onion,FAQ,9045e3a47d065806,2024-05,26,1112.5,1006.25,1200
Gujarat,Rajkot,Rajkot (Veg.Sub Yard),Onion,Onion,FAQ,9045e3a47d065806,2024-06,22,1975,1856.25,2150
Gujarat,Rajkot,Rajkot (Veg.Sub Yard),Onion,Onion,FAQ,9045e3a47d065806,2024-07,26,2200,2068.75,2287.5
Gujarat,Rajkot,Rajkot (Veg.Sub Yard),Onion,Onion,FAQ,9045e3a47d065806,2024-08,20,2875,2450,3212.5
Gujarat,Rajkot,Rajkot (Veg.Sub Yard),Onion,Onion,FAQ,9045e3a47d065806,2024-09,24,3750,3643.75,3900
Gujarat,Rajkot,Rajkot (Veg.Sub Yard),Onion,Onion,FAQ,9045e3a47d065806,2024-10,23,3750,3525,3925
Gujarat,Rajkot,Rajkot (Veg.Sub Yard),Onion,Onion,FAQ,9045e3a47d065806,2024-11,22,2337.5,2250,2418.75
Gujarat,Rajkot,Rajkot (Veg.Sub Yard),Onion,Onion,FAQ,9045e3a47d065806,2024-12,26,1950,1350,2250
Gujarat,Rajkot,Rajkot (Veg.Sub Yard),Onion,Onion,FAQ,9045e3a47d065806,2025-01,26,1662.5,1562.5,1787.5
Gujarat,Rajkot,Rajkot (Veg.Sub Yard),Onion,Onion,FAQ,9045e3a47d065806,2025-02,23,1850,1650,2012.5
Gujarat,Rajkot,Rajkot (Veg.Sub Yard),Onion,Onion,FAQ,9045e3a47d065806,2025-03,24,1237.5,1000,1762.5
Gujarat,Rajkot,Rajkot (Veg.Sub Yard),Onion,Onion,FAQ,9045e3a47d065806,2025-04,26,837.5,775,887.5
Gujarat,Rajkot,Rajkot (Veg.Sub Yard),Onion,Onion,FAQ,9045e3a47d065806,2025-05,25,850,725,950
Gujarat,Rajkot,Rajkot (Veg.Sub Yard),Onion,Onion,FAQ,9045e3a47d065806,2025-06,22,1200,1106.25,1243.75
Gujarat,Rajkot,Rajkot (Veg.Sub Yard),Onion,Onion,FAQ,9045e3a47d065806,2025-07,26,1087.5,1012.5,1175
Gujarat,Rajkot,Rajkot (Veg.Sub Yard),Onion,Onion,FAQ,9045e3a47d065806,2025-08,20,1125,1068.75,1150
Gujarat,Rajkot,Rajkot (Veg.Sub Yard),Onion,Onion,FAQ,9045e3a47d065806,2025-09,19,850,700,900
Gujarat,Rajkot,Rajkot (Veg.Sub Yard),Onion,Onion,FAQ,9045e3a47d065806,2025-10,11,825,762.5,850
Gujarat,Rajkot,Rajkot (Veg.Sub Yard),Onion,Onion,FAQ,9045e3a47d065806,2025-11,2,875,862.5,887.5
Gujarat,Rajkot,Rajkot (Veg.Sub Yard),Potato,Desi,FAQ,ea0b5fd38920c1ef,2024-01,25,1500,1000,1750
Gujarat,Rajkot,Rajkot (Veg.Sub Yard),Potato,Desi,FAQ,ea0b5fd38920c1ef,2024-02,25,1250,1200,1300
Gujarat,Rajkot,Rajkot (Veg.Sub Yard),Potato,Desi,FAQ,ea0b5fd38920c1ef,2024-03,21,1425,1250,1500
Gujarat,Rajkot,Rajkot (Veg.Sub Yard),Potato,Desi,FAQ,ea0b5fd38920c1ef,2024-04,25,2250,2125,2375
Gujarat,Rajkot,Rajkot (Veg.Sub Yard),Potato,Desi,FAQ,ea0b5fd38920c1ef,2024-05,26,2250,2168.75,2250
Gujarat,Rajkot,Rajkot (Veg.Sub Yard),Potato,Desi,FAQ,ea0b5fd38920c1ef,2024-06,22,2250,2250,2375
Gujarat,Rajkot,Rajkot (Veg.Sub Yard),Potato,Desi,FAQ,ea0b5fd38920c1ef,2024-07,27,2300,2225,2350
Gujarat,Rajkot,Rajkot (Veg.Sub Yard),Potato,Desi,FAQ,ea0b5fd38920c1ef,2024-08,20,2317.5,2231.25,2360
Gujarat,Rajkot,Rajkot (Veg.Sub Yard),Potato,Desi,FAQ,ea0b5fd38920c1ef,2024-09,24,2320,2287.5,2335
Gujarat,Rajkot,Rajkot (Veg.Sub Yard),Potato,Desi,FAQ,ea0b5fd38920c1ef,2024-10,24,2450,2250,2528.75
Gujarat,Rajkot,Rajkot (Veg.Sub Yard),Potato,Desi,FAQ,ea0b5fd38920c1ef,2024-11,22,2602.5,2500,2818.75
Gujarat,Rajkot,Rajkot (Veg.Sub Yard),Potato,Desi,FAQ,ea0b5fd38920c1ef,2024-12,26,2437.5,2250,2591.25
Gujarat,Rajkot,Rajkot (Veg.Sub Yard),Potato,Desi,FAQ,ea0b5fd38920c1ef,2025-01,26,1475,1175,1937.5
Gujarat,Rajkot,Rajkot (Veg.Sub Yard),Potato,Desi,FAQ,ea0b5fd38920c1ef,2025-02,23,1100,1025,1175
Gujarat,Rajkot,Rajkot (Veg.Sub Yard),Potato,Desi,FAQ,ea0b5fd38920c1ef,2025-03,24,1000,943.75,1068.75
Gujarat,Rajkot,Rajkot (Veg.Sub Yard),Potato,Desi,FAQ,ea0b5fd38920c1ef,2025-04,26,1150,1106.25,1250
Gujarat,Rajkot,Rajkot (Veg.Sub Yard),Potato,Desi,FAQ,ea0b5fd38920c1ef,2025-05,27,1350,1325,1400
Gujarat,Rajkot,Rajkot (Veg.Sub Yard),Potato,Desi,FAQ,ea0b5fd38920c1ef,2025-06,23,1330,1302.5,1380
Gujarat,Rajkot,Rajkot (Veg.Sub Yard),Potato,Desi,FAQ,ea0b5fd38920c1ef,2025-07,26,1302.5,1256.25,1330
Gujarat,Rajkot,Rajkot (Veg.Sub Yard),Potato,Desi,FAQ,ea0b5fd38920c1ef,2025-08,21,1250,1250,1250
Gujarat,Rajkot,Rajkot (Veg.Sub Yard),Potato,Desi,FAQ,ea0b5fd38920c1ef,2025-09,21,1375,1250,1500
Gujarat,Rajkot,Rajkot (Veg.Sub Yard),Potato,Desi,FAQ,ea0b5fd38920c1ef,2025-10,14,1610,1550,1688.75
Gujarat,Rajkot,Rajkot (Veg.Sub Yard),Potato,Desi,FAQ,ea0b5fd38920c1ef,2025-11,3,2240,2225,2307.5
Gujarat,Rajkot,Rajkot (Veg.Sub Yard),Tomato,Tomato,FAQ,d1575f1a6f6005f9,2024-01,24,1050,912.5,1812.5
Gujarat,Rajkot,Rajkot (Veg.Sub Yard),Tomato,Tomato,FAQ,d1575f1a6f6005f9,2024-02,24,2200,1750,2500
Gujarat,Rajkot,Rajkot (Veg.Sub Yard),Tomato,Tomato,FAQ,d1575f1a6f6005f9,2024-03,20,1500,1118.75,1531.25
Gujarat,Rajkot,Rajkot (Veg.Sub Yard),Tomato,Tomato,FAQ,d1575f1a6f6005f9,2024-04,24,1150,1000,1300
Gujarat,Rajkot,Rajkot (Veg.Sub Yard),Tomato,Tomato,FAQ,d1575f1a6f6005f9,2024-05,26,1562.5,1187.5,1750
Gujarat,Rajkot,Rajkot (Veg.Sub Yard),Tomato,Tomato,FAQ,d1575f1a6f6005f9,2024-06,21,3500,2125,4125
Gujarat,Rajkot,Rajkot (Veg.Sub Yard),Tomato,Tomato,FAQ,d1575f1a6f6005f9,2024-07,25,5250,4250,6250
Gujarat,Rajkot,Rajkot (Veg.Sub Yard),Tomato,Tomato,FAQ,d1575f1a6f6005f9,2024-08,19,3000,2812.5,3187.5
Gujarat,Rajkot,Rajkot (Veg.Sub Yard),Tomato,Tomato,FAQ,d1575f1a6f6005f9,2024-09,24,2750,2250,3562.5
Gujarat,Rajkot,Rajkot (Veg.Sub Yard),Tomato,Tomato,FAQ,d1575f1a6f6005f9,2024-10,23,4500,3750,5500
Gujarat,Rajkot,Rajkot (Veg.Sub Yard),Tomato,Tomato,FAQ,d1575f1a6f6005f9,2024-11,21,3125,3000,3500
Gujarat,Rajkot,Rajkot (Veg.Sub Yard),Tomato,Tomato,FAQ,d1575f1a6f6005f9,2024-12,24,2600,2500,3100
Gujarat,Rajkot,Rajkot (Veg.Sub Yard),Tomato,Tomato,FAQ,d1575f1a6f6005f9,2025-01,25,1000,750,1250
Gujarat,Rajkot,Rajkot (Veg.Sub Yard),Tomato,Tomato,FAQ,d1575f1a6f6005f9,2025-02,22,500,400,537.5
Gujarat,Rajkot,Rajkot (Veg.Sub Yard),Tomato,Tomato,FAQ,d1575f1a6f6005f9,2025-03,23,550,425,775
Gujarat,Rajkot,Rajkot (Veg.Sub Yard),Tomato,Tomato,FAQ,d1575f1a6f6005f9,2025-04,24,1000,793.75,1106.25
Gujarat,Rajkot,Rajkot (Veg.Sub Yard),Tomato,Tomato,FAQ,d1575f1a6f6005f9,2025-05,25,1500,1250,1650
Gujarat,Rajkot,Rajkot (Veg.Sub Yard),Tomato,Tomato,FAQ,d1575f1a6f6005f9,2025-06,21,2250,2150,2500
Gujarat,Rajkot,Rajkot (Veg.Sub Yard),Tomato,Tomato,FAQ,d1575f1a6f6005f9,2025-07,25,3000,2250,3750
Gujarat,Rajkot,Rajkot (Veg.Sub Yard),Tomato,Tomato,FAQ,d1575f1a6f6005f9,2025-08,21,4000,3000,4200
Gujarat,Rajkot,Rajkot (Veg.Sub Yard),Tomato,Tomato,FAQ,d1575f1a6f6005f9,2025-09,24,1700,1437.5,1750
Gujarat,Rajkot,Rajkot (Veg.Sub Yard),Tomato,Tomato,FAQ,d1575f1a6f6005f9,2025-10,17,2085,1760,2325
Gujarat,Rajkot,Rajkot (Veg.Sub Yard),Tomato,Tomato,FAQ,d1575f1a6f6005f9,2025-11,2,1787.5,1628.75,1946.25
Gujarat,Rajkot,Rajkot (Veg.Sub Yard) APMC,Onion,Onion,FAQ,21ae07e92a526c77,2025-12,7,725,625,952.5
Gujarat,Rajkot,Rajkot (Veg.Sub Yard) APMC,Potato,Potato,FAQ,6a05eac2ded001d6,2025-12,6,1340,1248.75,1412.5
Gujarat,Rajkot,Rajkot (Veg.Sub Yard) APMC,Tomato,Tomato,FAQ,a49e27b9c390af85,2025-12,11,4215,3160,4265
Gujarat,Surat,Surat,Onion,Other,FAQ,fa5af84b8c84f6ce,2024-01,23,1400,1375,1500
Gujarat,Surat,Surat,Onion,Other,FAQ,fa5af84b8c84f6ce,2024-02,24,1337.5,1293.75,1381.25
Gujarat,Surat,Surat,Onion,Other,FAQ,fa5af84b8c84f6ce,2024-03,22,1400,1381.25,1450
Gujarat,Surat,Surat,Onion,Other,FAQ,fa5af84b8c84f6ce,2024-04,20,1300,1237.5,1381.25
Gujarat,Surat,Surat,Onion,Other,FAQ,fa5af84b8c84f6ce,2024-05,25,1650,1650,1700
Gujarat,Surat,Surat,Onion,Other,FAQ,fa5af84b8c84f6ce,2024-06,20,2025,1887.5,2343.75
Gujarat,Surat,Surat,Onion,Other,FAQ,fa5af84b8c84f6ce,2024-07,24,2612.5,2293.75,2650
Gujarat,Surat,Surat,Onion,Other,FAQ,fa5af84b8c84f6ce,2024-08,27,2650,2250,2800
Gujarat,Surat,Surat,Onion,Other,FAQ,fa5af84b8c84f6ce,2024-09,23,3375,3300,3700
Gujarat,Surat,Surat,Onion,Other,FAQ,fa5af84b8c84f6ce,2024-10,23,3150,3075,3400
Gujarat,Surat,Surat,Onion,Other,FAQ,fa5af84b8c84f6ce,2024-11,23,4125,3825,4300
Gujarat,Surat,Surat,Onion,Other,FAQ,fa5af84b8c84f6ce,2024-12,25,4000,2350,4250
Gujarat,Surat,Surat,Onion,Other,FAQ,fa5af84b8c84f6ce,2025-01,22,2000,1912.5,2100
Gujarat,Surat,Surat,Onion,Other,FAQ,fa5af84b8c84f6ce,2025-02,24,1987.5,1768.75,2256.25
Gujarat,Surat,Surat,Onion,Other,FAQ,fa5af84b8c84f6ce,2025-03,24,1762.5,1750,2000
Gujarat,Surat,Surat,Onion,Other,FAQ,fa5af84b8c84f6ce,2025-04,26,1200,1100,1300
Gujarat,Surat,Surat,Onion,Other,FAQ,fa5af84b8c84f6ce,2025-05,25,1250,1150,1350
Gujarat,Surat,Surat,Onion,Other,FAQ,fa5af84b8c84f6ce,2025-06,24,1200,1193.75,1350
Gujarat,Surat,Surat,Onion,Other,FAQ,fa5af84b8c84f6ce,2025-07,26,1362.5,1325,1400
Gujarat,Surat,Surat,Onion,Other,FAQ,fa5af84b8c84f6ce,2025-08,25,1300,1300,1400
Gujarat,Surat,Surat,Onion,Other,FAQ,fa5af84b8c84f6ce,2025-09,17,1150,1100,1200
Gujarat,Surat,Surat,Onion,Other,FAQ,fa5af84b8c84f6ce,2025-10,19,1250,1200,1350
Gujarat,Surat,Surat,Onion,Other,FAQ,fa5af84b8c84f6ce,2025-11,3,1325,1300,1387.5
Gujarat,Surat,Surat,Potato,Other,FAQ,c9a1aee17dd2ad18,2024-01,23,1700,1650,1750
Gujarat,Surat,Surat,Potato,Other,FAQ,c9a1aee17dd2ad18,2024-02,24,1200,1093.75,1250
Gujarat,Surat,Surat,Potato,Other,FAQ,c9a1aee17dd2ad18,2024-03,21,1250,1225,1300
Gujarat,Surat,Surat,Potato,Other,FAQ,c9a1aee17dd2ad18,2024-04,20,1775,1708.75,1937.5
Gujarat,Surat,Surat,Potato,Other,FAQ,c9a1aee17dd2ad18,2024-05,25,1900,1875,1950
Gujarat,Surat,Surat,Potato,Other,FAQ,c9a1aee17dd2ad18,2024-06,19,2150,2000,2200
Gujarat,Surat,Surat,Potato,Other,FAQ,c9a1aee17dd2ad18,2024-07,24,2200,2150,2250
Gujarat,Surat,Surat,Potato,Other,FAQ,c9a1aee17dd2ad18,2024-08,27,2075,2050,2125
Gujarat,Surat,Surat,Potato,Other,FAQ,c9a1aee17dd2ad18,2024-09,23,2150,2137.5,2200
Gujarat,Surat,Surat,Potato,Other,FAQ,c9a1aee17dd2ad18,2024-10,23,2350,2300,2425
Gujarat,Surat,Surat,Potato,Other,FAQ,c9a1aee17dd2ad18,2024-11,23,2275,2250,2375
Gujarat,Surat,Surat,Potato,Other,FAQ,c9a1aee17dd2ad18,2024-12,25,2150,2025,2225
Gujarat,Surat,Surat,Potato,Other,FAQ,c9a1aee17dd2ad18,2025-01,22,1825,1662.5,1900
Gujarat,Surat,Surat,Potato,Other,FAQ,c9a1aee17dd2ad18,2025-02,24,1250,1225,1281.25
Gujarat,Surat,Surat,Potato,Other,FAQ,c9a1aee17dd2ad18,2025-03,25,1200,1000,1200
Gujarat,Surat,Surat,Potato,Other,FAQ,c9a1aee17dd2ad18,2025-04,26,1112.5,1050,1150
Gujarat,Surat,Surat,Potato,Other,FAQ,c9a1aee17dd2ad18,2025-05,25,1350,1325,1400
Gujarat,Surat,Surat,Potato,Other,FAQ,c9a1aee17dd2ad18,2025-06,24,1300,1300,1325
Gujarat,Surat,Surat,Potato,Other,FAQ,c9a1aee17dd2ad18,2025-07,26,1250,1200,1287.5
Gujarat,Surat,Surat,Potato,Other,FAQ,c9a1aee17dd2ad18,2025-08,25,1200,1150,1200
Gujarat,Surat,Surat,Potato,Other,FAQ,c9a1aee17dd2ad18,2025-09,22,1300,1256.25,1368.75
Gujarat,Surat,Surat,Potato,Other,FAQ,c9a1aee17dd2ad18,2025-10,16,1500,1481.25,1531.25
Gujarat,Surat,Surat,Potato,Other,FAQ,c9a1aee17dd2ad18,2025-11,4,1962.5,1950,1975
Gujarat,Surat,Surat,Tomato,Other,FAQ,c4f0e682fd97eb1e,2024-01,24,1700,1300,2037.5
Gujarat,Surat,Surat,Tomato,Other,FAQ,c4f0e682fd97eb1e,2024-02,24,1550,1500,2125
Gujarat,Surat,Surat,Tomato,Other,FAQ,c4f0e682fd97eb1e,2024-03,21,1150,1000,1400
Gujarat,Surat,Surat,Tomato,Other,FAQ,c4f0e682fd97eb1e,2024-04,20,900,850,950
Gujarat,Surat,Surat,Tomato,Other,FAQ,c4f0e682fd97eb1e,2024-05,24,1000,850,1075
Gujarat,Surat,Surat,Tomato,Other,FAQ,c4f0e682fd97eb1e,2024-06,20,3625,2225,4250
Gujarat,Surat,Surat,Tomato,Other,FAQ,c4f0e682fd97eb1e,2024-07,24,4750,4750,5062.5
Gujarat,Surat,Surat,Tomato,Other,FAQ,c4f0e682fd97eb1e,2024-08,26,2500,2212.5,2500
Gujarat,Surat,Surat,Tomato,Other,FAQ,c4f0e682fd97eb1e,2024-09,23,2050,1900,3125
Gujarat,Surat,Surat,Tomato,Other,FAQ,c4f0e682fd97eb1e,2024-10,23,4400,4000,5000
Gujarat,Surat,Surat,Tomato,Other,FAQ,c4f0e682fd97eb1e,2024-11,23,2100,2000,2200
Gujarat,Surat,Surat,Tomato,Other,FAQ,c4f0e682fd97eb1e,2024-12,25,2150,2000,2500
Gujarat,Surat,Surat,Tomato,Other,FAQ,c4f0e682fd97eb1e,2025-01,22,1000,850,1350
Gujarat,Surat,Surat,Tomato,Other,FAQ,c4f0e682fd97eb1e,2025-02,24,850,800,900
Gujarat,Surat,Surat,Tomato,Other,FAQ,c4f0e682fd97eb1e,2025-03,25,750,750,800
Gujarat,Surat,Surat,Tomato,Other,FAQ,c4f0e682fd97eb1e,2025-04,26,1000,850,1100
Gujarat,Surat,Surat,Tomato,Other,FAQ,c4f0e682fd97eb1e,2025-05,25,1450,1200,1850
Gujarat,Surat,Surat,Tomato,Other,FAQ,c4f0e682fd97eb1e,2025-06,24,2075,1937.5,2250
Gujarat,Surat,Surat,Tomato,Other,FAQ,c4f0e682fd97eb1e,2025-07,26,2450,2312.5,3000
Gujarat,Surat,Surat,Tomato,Other,FAQ,c4f0e682fd97eb1e,2025-08,24,3250,2712.5,3500
Gujarat,Surat,Surat,Tomato,Other,FAQ,c4f0e682fd97eb1e,2025-09,25,1500,1150,1700
Gujarat,Surat,Surat,Tomato,Other,FAQ,c4f0e682fd97eb1e,2025-10,20,1500,1387.5,1550
Gujarat,Surat,Surat,Tomato,Other,FAQ,c4f0e682fd97eb1e,2025-11,1,1350,1350,1350
Gujarat,Surat,Surat APMC,Onion,Other,FAQ,437842a6cb2d9e58,2025-12,6,1500,1462.5,1537.5
Gujarat,Surat,Surat APMC,Potato,Other,FAQ,165d0d85e34ad8b1,2025-12,6,1550,1475,1587.5
Gujarat,Surat,Surat APMC,Tomato,Other,FAQ,e01d478438285266,2025-12,10,2750,2100,3625
Gujarat,Surendranagar,Vadhvan,Onion,Onion,FAQ,5fb741f18152f2d4,2024-01,8,2000,1750,2250
Gujarat,Surendranagar,Vadhvan,Onion,Onion,FAQ,5fb741f18152f2d4,2024-02,4,1750,1625,1812.5
Gujarat,Surendranagar,Vadhvan,Onion,Onion,FAQ,5fb741f18152f2d4,2024-03,6,2250,2250,2250
Gujarat,Surendranagar,Vadhvan,Onion,Onion,FAQ,5fb741f18152f2d4,2024-04,6,1750,1750,1750
Gujarat,Surendranagar,Vadhvan,Onion,Onion,FAQ,5fb741f18152f2d4,2024-05,6,1250,1250,1250
Gujarat,Surendranagar,Vadhvan,Onion,Onion,FAQ,5fb741f18152f2d4,2024-06,3,2250,2250,2500
Gujarat,Surendranagar,Vadhvan,Onion,Onion,FAQ,5fb741f18152f2d4,2024-07,9,3250,3250,3250
Gujarat,Surendranagar,Vadhvan,Onion,Onion,FAQ,5fb741f18152f2d4,2024-08,5,3250,3250,3250
Gujarat,Surendranagar,Vadhvan,Onion,Onion,FAQ,5fb741f18152f2d4,2024-09,1,4500,4500,4500
Gujarat,Surendranagar,Vadhvan,Onion,Onion,FAQ,5fb741f18152f2d4,2024-10,3,5250,5250,5375
Gujarat,Surendranagar,Vadhvan,Onion,Onion,FAQ,5fb741f18152f2d4,2024-11,5,3250,3000,3250
Gujarat,Surendranagar,Vadhvan,Onion,Onion,FAQ,5fb741f18152f2d4,2024-12,7,2500,2250,2750
Gujarat,Surendranagar,Vadhvan,Onion,Onion,FAQ,5fb741f18152f2d4,2025-01,4,2125,1812.5,2250
Gujarat,Surendranagar,Vadhvan,Onion,Onion,FAQ,5fb741f18152f2d4,2025-03,3,2000,1875,2125
Gujarat,Surendranagar,Vadhvan,Onion,Onion,FAQ,5fb741f18152f2d4,2025-04,2,1500,1375,1625
Gujarat,Surendranagar,Vadhvan,Onion,Onion,FAQ,5fb741f18152f2d4,2025-05,1,1250,1250,1250
Gujarat,Surendranagar,Vadhvan,Onion,Onion,FAQ,5fb741f18152f2d4,2025-09,4,1250,1250,1250
Gujarat,Surendranagar,Vadhvan,Onion,Onion,FAQ,5fb741f18152f2d4,2025-10,1,1250,1250,1250
Gujarat,Surendranagar,Vadhvan,Onion,Onion,Non-FAQ,f78f9efd8bf96306,2025-02,4,2750,2687.5,2750
Gujarat,Surendranagar,Vadhvan,Onion,Onion,Non-FAQ,f78f9efd8bf96306,2025-03,2,2500,2375,2625
Gujarat,Surendranagar,Vadhvan,Onion,Onion,Non-FAQ,f78f9efd8bf96306,2025-04,2,1500,1375,1625
Gujarat,Surendranagar,Vadhvan,Onion,Onion,Non-FAQ,f78f9efd8bf96306,2025-05,5,1250,1250,1250
Gujarat,Surendranagar,Vadhvan,Onion,Onion,Non-FAQ,f78f9efd8bf96306,2025-06,2,1750,1750,1750
Gujarat,Surendranagar,Vadhvan,Potato,Potato,FAQ,18693bd05821289c,2024-01,23,2250,1937.5,2250
Gujarat,Surendranagar,Vadhvan,Potato,Potato,FAQ,18693bd05821289c,2024-02,21,1500,1500,1750
Gujarat,Surendranagar,Vadhvan,Potato,Potato,FAQ,18693bd05821289c,2024-03,21,1750,1750,1750
Gujarat,Surendranagar,Vadhvan,Potato,Potato,FAQ,18693bd05821289c,2024-04,20,2250,1750,2250
Gujarat,Surendranagar,Vadhvan,Potato,Potato,FAQ,18693bd05821289c,2024-05,25,2250,2250,2250
Gujarat,Surendranagar,Vadhvan,Potato,Potato,FAQ,18693bd05821289c,2024-06,23,2750,2250,2750
Gujarat,Surendranagar,Vadhvan,Potato,Potato,FAQ,18693bd05821289c,2024-07,24,2750,2750,2750
Gujarat,Surendranagar,Vadhvan,Potato,Potato,FAQ,18693bd05821289c,2024-08,23,2750,2750,2750
Gujarat,Surendranagar,Vadhvan,Potato,Potato,FAQ,18693bd05821289c,2024-09,22,2750,2750,2750
Gujarat,Surendranagar,Vadhvan,Potato,Potato,FAQ,18693bd05821289c,2024-10,23,2750,2750,3000
Gujarat,Surendranagar,Vadhvan,Potato,Potato,FAQ,18693bd05821289c,2024-11,22,3000,3000,3250
Gujarat,Surendranagar,Vadhvan,Potato,Potato,FAQ,18693bd05821289c,2024-12,24,2750,2750,3062.5
Gujarat,Surendranagar,Vadhvan,Potato,Potato,FAQ,18693bd05821289c,2025-01,23,2250,2250,2500
Gujarat,Surendranagar,Vadhvan,Potato,Potato,FAQ,18693bd05821289c,2025-02,8,1625,1500,1750
Gujarat,Surendranagar,Vadhvan,Potato,Potato,FAQ,18693bd05821289c,2025-03,10,1250,1250,1250
Gujarat,Surendranagar,Vadhvan,Potato,Potato,FAQ,18693bd05821289c,2025-04,8,1625,1437.5,1750
Gujarat,Surendranagar,Vadhvan,Potato,Potato,FAQ,18693bd05821289c,2025-05,3,1500,1375,1625
Gujarat,Surendranagar,Vadhvan,Potato,Potato,FAQ,18693bd05821289c,2025-06,5,1750,1750,1750
Gujarat,Surendranagar,Vadhvan,Potato,Potato,FAQ,18693bd05821289c,2025-07,20,1750,1750,1750
Gujarat,Surendranagar,Vadhvan,Potato,Potato,FAQ,18693bd05821289c,2025-08,12,1750,1750,1750
Gujarat,Surendranagar,Vadhvan,Potato,Potato,FAQ,18693bd05821289c,2025-09,9,1750,1750,1750
Gujarat,Surendranagar,Vadhvan,Potato,Potato,FAQ,18693bd05821289c,2025-10,8,2000,1750,2250
Gujarat,Surendranagar,Vadhvan,Potato,Potato,Non-FAQ,772855d804291147,2025-01,1,2250,2250,2250
Gujarat,Surendranagar,Vadhvan,Potato,Potato,Non-FAQ,772855d804291147,2025-02,7,1750,1625,1750
Gujarat,Surendranagar,Vadhvan,Potato,Potato,Non-FAQ,772855d804291147,2025-03,12,1500,1250,1750
Gujarat,Surendranagar,Vadhvan,Potato,Potato,Non-FAQ,772855d804291147,2025-04,13,1250,1250,1250
Gujarat,Surendranagar,Vadhvan,Potato,Potato,Non-FAQ,772855d804291147,2025-05,21,1750,1500,1750
Gujarat,Surendranagar,Vadhvan,Potato,Potato,Non-FAQ,772855d804291147,2025-06,17,1750,1750,1750
Gujarat,Surendranagar,Vadhvan,Potato,Potato,Non-FAQ,772855d804291147,2025-07,4,1750,1750,1750
Gujarat,Surendranagar,Vadhvan,Potato,Potato,Non-FAQ,772855d804291147,2025-08,5,1750,1750,1750
Gujarat,Surendranagar,Vadhvan,Potato,Potato,Non-FAQ,772855d804291147,2025-09,5,1750,1750,1750
Gujarat,Surendranagar,Vadhvan,Potato,Potato,Non-FAQ,772855d804291147,2025-10,2,1750,1750,1750
Gujarat,Surendranagar,Vadhvan,Tomato,Tomato,FAQ,8e51f506d07e80bc,2024-01,23,1250,937.5,1250
Gujarat,Surendranagar,Vadhvan,Tomato,Tomato,FAQ,8e51f506d07e80bc,2024-02,21,2250,1750,2250
Gujarat,Surendranagar,Vadhvan,Tomato,Tomato,FAQ,8e51f506d07e80bc,2024-03,21,1750,1750,1750
Gujarat,Surendranagar,Vadhvan,Tomato,Tomato,FAQ,8e51f506d07e80bc,2024-04,21,1250,1250,1250
Gujarat,Surendranagar,Vadhvan,Tomato,Tomato,FAQ,8e51f506d07e80bc,2024-05,25,1250,1250,1750
Gujarat,Surendranagar,Vadhvan,Tomato,Tomato,FAQ,8e51f506d07e80bc,2024-06,23,3000,3000,3875
Gujarat,Surendranagar,Vadhvan,Tomato,Tomato,FAQ,8e51f506d07e80bc,2024-07,24,5500,4437.5,5750
Gujarat,Surendranagar,Vadhvan,Tomato,Tomato,FAQ,8e51f506d07e80bc,2024-08,23,2750,2625,3625
Gujarat,Surendranagar,Vadhvan,Tomato,Tomato,FAQ,8e51f506d07e80bc,2024-09,22,2500,2250,3125
Gujarat,Surendranagar,Vadhvan,Tomato,Tomato,FAQ,8e51f506d07e80bc,2024-10,23,4750,3750,7750
Gujarat,Surendranagar,Vadhvan,Tomato,Tomato,FAQ,8e51f506d07e80bc,2024-11,22,2750,2312.5,3250
Gujarat,Surendranagar,Vadhvan,Tomato,Tomato,FAQ,8e51f506d07e80bc,2024-12,24,2750,2250,3250
Gujarat,Surendranagar,Vadhvan,Tomato,Tomato,FAQ,8e51f506d07e80bc,2025-01,24,1250,1250,1250
Gujarat,Surendranagar,Vadhvan,Tomato,Tomato,FAQ,8e51f506d07e80bc,2025-02,7,750,750,1062.5
Gujarat,Surendranagar,Vadhvan,Tomato,Tomato,FAQ,8e51f506d07e80bc,2025-03,9,750,750,750
Gujarat,Surendranagar,Vadhvan,Tomato,Tomato,FAQ,8e51f506d07e80bc,2025-04,8,750,750,875
Gujarat,Surendranagar,Vadhvan,Tomato,Tomato,FAQ,8e51f506d07e80bc,2025-05,4,2000,1750,2250
Gujarat,Surendranagar,Vadhvan,Tomato,Tomato,FAQ,8e51f506d07e80bc,2025-06,6,2625,2500,2750
Gujarat,Surendranagar,Vadhvan,Tomato,Tomato,FAQ,8e51f506d07e80bc,2025-07,20,2750,2750,2937.5
Gujarat,Surendranagar,Vadhvan,Tomato,Tomato,FAQ,8e51f506d07e80bc,2025-08,12,4750,4250,4750
Gujarat,Surendranagar,Vadhvan,Tomato,Tomato,FAQ,8e51f506d07e80bc,2025-09,16,2125,1250,2500
Gujarat,Surendranagar,Vadhvan,Tomato,Tomato,FAQ,8e51f506d07e80bc,2025-10,14,1750,1500,1750
Gujarat,Surendranagar,Vadhvan,Tomato,Tomato,FAQ,8e51f506d07e80bc,2025-11,1,1750,1750,1750
Gujarat,Surendranagar,Vadhvan,Tomato,Tomato,Non-FAQ,5646d3baf63720b9,2025-01,1,1250,1250,1250
Gujarat,Surendranagar,Vadhvan,Tomato,Tomato,Non-FAQ,5646d3baf63720b9,2025-02,8,750,706.25,968.75
Gujarat,Surendranagar,Vadhvan,Tomato,Tomato,Non-FAQ,5646d3baf63720b9,2025-03,13,750,625,750
Gujarat,Surendranagar,Vadhvan,Tomato,Tomato,Non-FAQ,5646d3baf63720b9,2025-04,13,750,750,750
Gujarat,Surendranagar,Vadhvan,Tomato,Tomato,Non-FAQ,5646d3baf63720b9,2025-05,20,1750,1750,1875
Gujarat,Surendranagar,Vadhvan,Tomato,Tomato,Non-FAQ,5646d3baf63720b9,2025-06,16,2500,2250,2500
Gujarat,Surendranagar,Vadhvan,Tomato,Tomato,Non-FAQ,5646d3baf63720b9,2025-07,4,2500,2312.5,2500
Gujarat,Surendranagar,Vadhvan,Tomato,Tomato,Non-FAQ,5646d3baf63720b9,2025-08,5,4500,4500,4500
Gujarat,Surendranagar,Vadhvan,Tomato,Tomato,Non-FAQ,5646d3baf63720b9,2025-09,1,3750,3750,3750
Gujarat,Surendranagar,Vadhvan,Tomato,Tomato,Non-FAQ,5646d3baf63720b9,2025-10,2,1250,1250,1250
Gujarat,Surendranagar,Vadhvan APMC,Potato,Potato,Medium,b8076b6151a46fa9,2025-12,2,2250,2250,2250
Gujarat,Surendranagar,Vadhvan APMC,Potato,Potato,Non-FAQ,95772de90f8fea7a,2025-12,1,2250,2250,2250
Gujarat,Surendranagar,Vadhvan APMC,Tomato,Hybrid,Medium,f779946c4ce8bd92,2025-12,4,3500,3000,4187.5
Gujarat,Surendranagar,Vadhvan APMC,Tomato,Tomato,FAQ,4cdc0e26ae414a0e,2025-12,1,3750,3750,3750
Gujarat,Vadodara (Baroda),Padra,Onion,Other,FAQ,aee91f2f55ac7995,2024-01,21,1900,1700,2000
Gujarat,Vadodara (Baroda),Padra,Onion,Other,FAQ,aee91f2f55ac7995,2024-02,23,1600,1400,1875
Gujarat,Vadodara (Baroda),Padra,Onion,Other,FAQ,aee91f2f55ac7995,2024-03,15,1800,1750,2000
Gujarat,Vadodara (Baroda),Padra,Onion,Other,FAQ,aee91f2f55ac7995,2024-04,22,1700,1512.5,1750
Gujarat,Vadodara (Baroda),Padra,Onion,Other,FAQ,aee91f2f55ac7995,2024-05,25,2000,1750,2000
Gujarat,Vadodara (Baroda),Padra,Onion,Other,FAQ,aee91f2f55ac7995,2024-06,22,2650,2500,2750
Gujarat,Vadodara (Baroda),Padra,Onion,Other,FAQ,aee91f2f55ac7995,2024-07,27,3000,3000,3225
Gujarat,Vadodara (Baroda),Padra,Onion,Other,FAQ,aee91f2f55ac7995,2024-08,25,3250,3000,3750
Gujarat,Vadodara (Baroda),Padra,Onion,Other,FAQ,aee91f2f55ac7995,2024-09,24,4250,4000,4750
Gujarat,Vadodara (Baroda),Padra,Onion,Other,FAQ,aee91f2f55ac7995,2024-10,24,4625,4437.5,4750
Gujarat,Vadodara (Baroda),Padra,Onion,Other,FAQ,aee91f2f55ac7995,2024-11,14,3875,3250,4687.5
Gujarat,Vadodara (Baroda),Padra,Onion,Other,FAQ,aee91f2f55ac7995,2024-12,13,2500,2250,2750
Gujarat,Vadodara (Baroda),Padra,Onion,Other,FAQ,aee91f2f55ac7995,2025-01,23,2500,2400,2500
Gujarat,Vadodara (Baroda),Padra,Onion,Other,FAQ,aee91f2f55ac7995,2025-02,20,2750,2250,3000
Gujarat,Vadodara (Baroda),Padra,Onion,Other,FAQ,aee91f2f55ac7995,2025-03,25,2400,2050,2750
Gujarat,Vadodara (Baroda),Padra,Onion,Other,FAQ,aee91f2f55ac7995,2025-04,23,1400,1250,1725
Gujarat,Vadodara (Baroda),Padra,Onion,Other,FAQ,aee91f2f55ac7995,2025-05,26,1250,1250,1400
Gujarat,Vadodara (Baroda),Padra,Onion,Other,FAQ,aee91f2f55ac7995,2025-06,23,1750,1575,1900
Gujarat,Vadodara (Baroda),Padra,Onion,Other,FAQ,aee91f2f55ac7995,2025-07,25,1800,1750,1850
Gujarat,Vadodara (Baroda),Padra,Onion,Other,FAQ,aee91f2f55ac7995,2025-08,24,1750,1750,1800
Gujarat,Vadodara (Baroda),Padra,Onion,Other,FAQ,aee91f2f55ac7995,2025-09,8,1750,1612.5,1762.5
Gujarat,Vadodara (Baroda),Padra,Onion,Other,FAQ,aee91f2f55ac7995,2025-10,12,1750,1712.5,1750
Gujarat,Vadodara (Baroda),Padra,Potato,Other,FAQ,1028417861e27473,2024-01,21,1750,1250,1800
Gujarat,Vadodara (Baroda),Padra,Potato,Other,FAQ,1028417861e27473,2024-02,23,1350,1250,1525
Gujarat,Vadodara (Baroda),Padra,Potato,Other,FAQ,1028417861e27473,2024-03,15,1650,1500,1850
Gujarat,Vadodara (Baroda),Padra,Potato,Other,FAQ,1028417861e27473,2024-04,22,2275,2175,2375
Gujarat,Vadodara (Baroda),Padra,Potato,Other,FAQ,1028417861e27473,2024-05,25,2400,2300,2400
Gujarat,Vadodara (Baroda),Padra,Potato,Other,FAQ,1028417861e27473,2024-06,23,2750,2550,2775
Gujarat,Vadodara (Baroda),Padra,Potato,Other,FAQ,1028417861e27473,2024-07,27,2900,2900,3000
Gujarat,Vadodara (Baroda),Padra,Potato,Other,FAQ,1028417861e27473,2024-08,25,2900,2750,3000
Gujarat,Vadodara (Baroda),Padra,Potato,Other,FAQ,1028417861e27473,2024-09,24,3000,3000,3000
Gujarat,Vadodara (Baroda),Padra,Potato,Other,FAQ,1028417861e27473,2024-10,24,3250,3000,3312.5
Gujarat,Vadodara (Baroda),Padra,Potato,Other,FAQ,1028417861e27473,2024-11,14,3250,3250,3250
Gujarat,Vadodara (Baroda),Padra,Potato,Other,FAQ,1028417861e27473,2024-12,13,2750,2500,2750
Gujarat,Vadodara (Baroda),Padra,Potato,Other,FAQ,1028417861e27473,2025-01,23,1500,1400,2250
Gujarat,Vadodara (Baroda),Padra,Potato,Other,FAQ,1028417861e27473,2025-02,19,1250,1250,1350
Gujarat,Vadodara (Baroda),Padra,Potato,Other,FAQ,1028417861e27473,2025-03,25,1250,1250,1300
Gujarat,Vadodara (Baroda),Padra,Potato,Other,FAQ,1028417861e27473,2025-04,23,1600,1500,1700
Gujarat,Vadodara (Baroda),Padra,Potato,Other,FAQ,1028417861e27473,2025-05,26,1750,1600,1750
Gujarat,Vadodara (Baroda),Padra,Potato,Other,FAQ,1028417861e27473,2025-06,23,1750,1725,1775
Gujarat,Vadodara (Baroda),Padra,Potato,Other,FAQ,1028417861e27473,2025-07,25,1750,1750,1750
Gujarat,Vadodara (Baroda),Padra,Potato,Other,FAQ,1028417861e27473,2025-08,24,1800,1750,1800
Gujarat,Vadodara (Baroda),Padra,Potato,Other,FAQ,1028417861e27473,2025-09,12,1800,1750,1812.5
Gujarat,Vadodara (Baroda),Padra,Potato,Other,FAQ,1028417861e27473,2025-10,15,2000,1800,2000
Gujarat,Vadodara (Baroda),Padra,Potato,Other,FAQ,1028417861e27473,2025-11,2,2425,2312.5,2537.5
Gujarat,Vadodara (Baroda),Padra,Tomato,Other,FAQ,31e4ef1aa01dbd01,2024-01,22,1625,1275,2143.75
Gujarat,Vadodara (Baroda),Padra,Tomato,Other,FAQ,31e4ef1aa01dbd01,2024-02,23,2000,1750,2325
Gujarat,Vadodara (Baroda),Padra,Tomato,Other,FAQ,31e4ef1aa01dbd01,2024-03,15,1250,1025,1325
Gujarat,Vadodara (Baroda),Padra,Tomato,Other,FAQ,31e4ef1aa01dbd01,2024-04,21,1050,900,1100
Gujarat,Vadodara (Baroda),Padra,Tomato,Other,FAQ,31e4ef1aa01dbd01,2024-05,25,1400,1100,1650
Gujarat,Vadodara (Baroda),Padra,Tomato,Other,FAQ,31e4ef1aa01dbd01,2024-06,23,2750,2450,4500
Gujarat,Vadodara (Baroda),Padra,Tomato,Other,FAQ,31e4ef1aa01dbd01,2024-07,27,5250,4500,5500
Gujarat,Vadodara (Baroda),Padra,Tomato,Other,FAQ,31e4ef1aa01dbd01,2024-08,25,2500,2000,2500
Gujarat,Vadodara (Baroda),Padra,Tomato,Other,FAQ,31e4ef1aa01dbd01,2024-09,23,2400,2050,3500
Gujarat,Vadodara (Baroda),Padra,Tomato,Other,FAQ,31e4ef1aa01dbd01,2024-10,24,4500,4250,5312.5
Gujarat,Vadodara (Baroda),Padra,Tomato,Other,FAQ,31e4ef1aa01dbd01,2024-11,14,2625,2500,3000
Gujarat,Vadodara (Baroda),Padra,Tomato,Other,FAQ,31e4ef1aa01dbd01,2024-12,12,2000,1850,2312.5
Gujarat,Vadodara (Baroda),Padra,Tomato,Other,FAQ,31e4ef1aa01dbd01,2025-01,23,1000,900,1250
Gujarat,Vadodara (Baroda),Padra,Tomato,Other,FAQ,31e4ef1aa01dbd01,2025-02,20,525,400,600
Gujarat,Vadodara (Baroda),Padra,Tomato,Other,FAQ,31e4ef1aa01dbd01,2025-03,25,400,350,500
Gujarat,Vadodara (Baroda),Padra,Tomato,Other,FAQ,31e4ef1aa01dbd01,2025-04,23,750,750,825
Gujarat,Vadodara (Baroda),Padra,Tomato,Other,FAQ,31e4ef1aa01dbd01,2025-05,26,1400,1250,1537.5
Gujarat,Vadodara (Baroda),Padra,Tomato,Other,FAQ,31e4ef1aa01dbd01,2025-06,24,2000,1650,2250
Gujarat,Vadodara (Baroda),Padra,Tomato,Other,FAQ,31e4ef1aa01dbd01,2025-07,25,2500,2250,3000
Gujarat,Vadodara (Baroda),Padra,Tomato,Other,FAQ,31e4ef1aa01dbd01,2025-08,24,3875,3062.5,4250
Gujarat,Vadodara (Baroda),Padra,Tomato,Other,FAQ,31e4ef1aa01dbd01,2025-09,15,2250,1800,2437.5
Gujarat,Vadodara (Baroda),Padra,Tomato,Other,FAQ,31e4ef1aa01dbd01,2025-10,17,1750,1250,1800
Gujarat,Vadodara (Baroda),Padra,Tomato,Other,FAQ,31e4ef1aa01dbd01,2025-11,1,1250,1250,1250
Gujarat,Vadodara (Baroda),Padra APMC,Onion,Other,FAQ,419027517a8e6247,2025-12,8,1675,1500,1925
Gujarat,Vadodara (Baroda),Padra APMC,Potato,Other,FAQ,0582f57a4203f58a,2025-12,6,2250,2212.5,2287.5
Gujarat,Vadodara (Baroda),Padra APMC,Tomato,Other,FAQ,1575165811a7085f,2025-12,13,3000,2500,3400
Gujarat,Vadodara (Baroda),Vadodara (Sayajipura),Onion,Other,FAQ,5a1c6547df4a23fd,2024-01,19,1550,1400,1725
Gujarat,Vadodara (Baroda),Vadodara (Sayajipura),Onion,Other,FAQ,5a1c6547df4a23fd,2024-02,15,1300,1200,1675
Gujarat,Vadodara (Baroda),Vadodara (Sayajipura),Onion,Other,FAQ,5a1c6547df4a23fd,2024-03,12,1700,1550,1912.5
Gujarat,Vadodara (Baroda),Vadodara (Sayajipura),Onion,Other,FAQ,5a1c6547df4a23fd,2024-04,22,1350,1350,1450
Gujarat,Vadodara (Baroda),Vadodara (Sayajipura),Onion,Other,FAQ,5a1c6547df4a23fd,2024-05,11,1350,1275,1700
Gujarat,Vadodara (Baroda),Vadodara (Sayajipura),Onion,Other,FAQ,5a1c6547df4a23fd,2024-06,20,2500,2275,2550
Gujarat,Vadodara (Baroda),Vadodara (Sayajipura),Onion,Other,FAQ,5a1c6547df4a23fd,2024-07,22,2700,2500,2775
Gujarat,Vadodara (Baroda),Vadodara (Sayajipura),Onion,Other,FAQ,5a1c6547df4a23fd,2024-08,22,3250,2562.5,3575
Gujarat,Vadodara (Baroda),Vadodara (Sayajipura),Onion,Other,FAQ,5a1c6547df4a23fd,2024-09,16,3800,3662.5,4050
Gujarat,Vadodara (Baroda),Vadodara (Sayajipura),Onion,Other,FAQ,5a1c6547df4a23fd,2024-10,22,4050,4050,4050
Gujarat,Vadodara (Baroda),Vadodara (Sayajipura),Onion,Other,FAQ,5a1c6547df4a23fd,2024-11,16,4300,4050,4550
Gujarat,Vadodara (Baroda),Vadodara (Sayajipura),Onion,Other,FAQ,5a1c6547df4a23fd,2024-12,22,3650,2050,4237.5
Gujarat,Vadodara (Baroda),Vadodara (Sayajipura),Onion,Other,FAQ,5a1c6547df4a23fd,2025-01,16,1950,1900,2200
Gujarat,Vadodara (Baroda),Vadodara (Sayajipura),Onion,Other,FAQ,5a1c6547df4a23fd,2025-02,18,2350,2300,2475
Gujarat,Vadodara (Baroda),Vadodara (Sayajipura),Onion,Other,FAQ,5a1c6547df4a23fd,2025-03,22,2250,2050,2450
Gujarat,Vadodara (Baroda),Vadodara (Sayajipura),Onion,Other,FAQ,5a1c6547df4a23fd,2025-04,23,1350,1150,1350
Gujarat,Vadodara (Baroda),Vadodara (Sayajipura),Onion,Other,FAQ,5a1c6547df4a23fd,2025-05,17,1100,1100,1150
Gujarat,Vadodara (Baroda),Vadodara (Sayajipura),Onion,Other,FAQ,5a1c6547df4a23fd,2025-06,20,1900,1500,2050
Gujarat,Vadodara (Baroda),Vadodara (Sayajipura),Onion,Other,FAQ,5a1c6547df4a23fd,2025-07,27,1350,1350,1450
Gujarat,Vadodara (Baroda),Vadodara (Sayajipura),Onion,Other,FAQ,5a1c6547df4a23fd,2025-08,26,1450,1200,1450
Gujarat,Vadodara (Baroda),Vadodara (Sayajipura),Onion,Other,FAQ,5a1c6547df4a23fd,2025-09,23,1250,1100,1350
Gujarat,Vadodara (Baroda),Vadodara (Sayajipura),Onion,Other,FAQ,5a1c6547df4a23fd,2025-10,14,1075,1050,1150
Gujarat,Vadodara (Baroda),Vadodara (Sayajipura),Onion,Other,FAQ,5a1c6547df4a23fd,2025-11,1,1800,1800,1800
Gujarat,Vadodara (Baroda),Vadodara (Sayajipura),Potato,Other,FAQ,0ebfad10374fd858,2024-01,19,1200,1117,1550
Gujarat,Vadodara (Baroda),Vadodara (Sayajipura),Potato,Other,FAQ,0ebfad10374fd858,2024-02,15,1150,1100,1200
Gujarat,Vadodara (Baroda),Vadodara (Sayajipura),Potato,Other,FAQ,0ebfad10374fd858,2024-03,12,1550,1550,2087.5
Gujarat,Vadodara (Baroda),Vadodara (Sayajipura),Potato,Other,FAQ,0ebfad10374fd858,2024-04,22,2025,1962.5,2200
Gujarat,Vadodara (Baroda),Vadodara (Sayajipura),Potato,Other,FAQ,0ebfad10374fd858,2024-05,11,2150,2100,2325
Gujarat,Vadodara (Baroda),Vadodara (Sayajipura),Potato,Other,FAQ,0ebfad10374fd858,2024-06,20,2450,2300,2500
Gujarat,Vadodara (Baroda),Vadodara (Sayajipura),Potato,Other,FAQ,0ebfad10374fd858,2024-07,22,2400,2300,2450
Gujarat,Vadodara (Baroda),Vadodara (Sayajipura),Potato,Other,FAQ,0ebfad10374fd858,2024-08,22,2375,2300,2500
Gujarat,Vadodara (Baroda),Vadodara (Sayajipura),Potato,Other,FAQ,0ebfad10374fd858,2024-09,16,2375,2337.5,2512.5
Gujarat,Vadodara (Baroda),Vadodara (Sayajipura),Potato,Other,FAQ,0ebfad10374fd858,2024-10,22,2800,2500,3050
Gujarat,Vadodara (Baroda),Vadodara (Sayajipura),Potato,Other,FAQ,0ebfad10374fd858,2024-11,16,3050,2800,3112.5
Gujarat,Vadodara (Baroda),Vadodara (Sayajipura),Potato,Other,FAQ,0ebfad10374fd858,2024-12,22,2800,2300,3000
Gujarat,Vadodara (Baroda),Vadodara (Sayajipura),Potato,Other,FAQ,0ebfad10374fd858,2025-01,16,1700,1400,2037.5
Gujarat,Vadodara (Baroda),Vadodara (Sayajipura),Potato,Other,FAQ,0ebfad10374fd858,2025-02,18,1300,1200,1500
Gujarat,Vadodara (Baroda),Vadodara (Sayajipura),Potato,Other,FAQ,0ebfad10374fd858,2025-03,22,1300,1200,1400
Gujarat,Vadodara (Baroda),Vadodara (Sayajipura),Potato,Other,FAQ,0ebfad10374fd858,2025-04,23,1500,1500,1500
Gujarat,Vadodara (Baroda),Vadodara (Sayajipura),Potato,Other,FAQ,0ebfad10374fd858,2025-05,18,1500,1462.5,1550
Gujarat,Vadodara (Baroda),Vadodara (Sayajipura),Potato,Other,FAQ,0ebfad10374fd858,2025-06,20,1500,1500,1500
Gujarat,Vadodara (Baroda),Vadodara (Sayajipura),Potato,Other,FAQ,0ebfad10374fd858,2025-07,27,1500,1500,1500
Gujarat,Vadodara (Baroda),Vadodara (Sayajipura),Potato,Other,FAQ,0ebfad10374fd858,2025-08,26,1500,1500,1500
Gujarat,Vadodara (Baroda),Vadodara (Sayajipura),Potato,Other,FAQ,0ebfad10374fd858,2025-09,26,1500,1400,1500
Gujarat,Vadodara (Baroda),Vadodara (Sayajipura),Potato,Other,FAQ,0ebfad10374fd858,2025-10,16,1750,1450,1750
Gujarat,Vadodara (Baroda),Vadodara (Sayajipura),Potato,Other,FAQ,0ebfad10374fd858,2025-11,1,1750,1750,1750
Gujarat,Vadodara (Baroda),Vadodara (Sayajipura),Tomato,Other,FAQ,52e2f9c36dd82a75,2024-01,19,1300,1150,2050
Gujarat,Vadodara (Baroda),Vadodara (Sayajipura),Tomato,Other,FAQ,52e2f9c36dd82a75,2024-02,15,1800,1800,2550
Gujarat,Vadodara (Baroda),Vadodara (Sayajipura),Tomato,Other,FAQ,52e2f9c36dd82a75,2024-03,12,1200,875,1300
Gujarat,Vadodara (Baroda),Vadodara (Sayajipura),Tomato,Other,FAQ,52e2f9c36dd82a75,2024-04,22,1075,875,1150
Gujarat,Vadodara (Baroda),Vadodara (Sayajipura),Tomato,Other,FAQ,52e2f9c36dd82a75,2024-05,10,1150,1062.5,1225
Gujarat,Vadodara (Baroda),Vadodara (Sayajipura),Tomato,Other,FAQ,52e2f9c36dd82a75,2024-06,20,3300,2050,3862.5
Gujarat,Vadodara (Baroda),Vadodara (Sayajipura),Tomato,Other,FAQ,52e2f9c36dd82a75,2024-07,21,4550,4500,5800
Gujarat,Vadodara (Baroda),Vadodara (Sayajipura),Tomato,Other,FAQ,52e2f9c36dd82a75,2024-08,22,2500,1900,2725
Gujarat,Vadodara (Baroda),Vadodara (Sayajipura),Tomato,Other,FAQ,52e2f9c36dd82a75,2024-09,16,2075,1900,3050
Gujarat,Vadodara (Baroda),Vadodara (Sayajipura),Tomato,Other,FAQ,52e2f9c36dd82a75,2024-10,22,5050,4800,5550
Gujarat,Vadodara (Baroda),Vadodara (Sayajipura),Tomato,Other,FAQ,52e2f9c36dd82a75,2024-11,15,2650,2500,2800
Gujarat,Vadodara (Baroda),Vadodara (Sayajipura),Tomato,Other,FAQ,52e2f9c36dd82a75,2024-12,22,2800,2575,3050
Gujarat,Vadodara (Baroda),Vadodara (Sayajipura),Tomato,Other,FAQ,52e2f9c36dd82a75,2025-01,16,900,800,1100
Gujarat,Vadodara (Baroda),Vadodara (Sayajipura),Tomato,Other,FAQ,52e2f9c36dd82a75,2025-02,18,700,662.5,750
Gujarat,Vadodara (Baroda),Vadodara (Sayajipura),Tomato,Other,FAQ,52e2f9c36dd82a75,2025-03,22,500,500,550
Gujarat,Vadodara (Baroda),Vadodara (Sayajipura),Tomato,Other,FAQ,52e2f9c36dd82a75,2025-04,23,850,825,950
Gujarat,Vadodara (Baroda),Vadodara (Sayajipura),Tomato,Other,FAQ,52e2f9c36dd82a75,2025-05,17,950,900,950
Gujarat,Vadodara (Baroda),Vadodara (Sayajipura),Tomato,Other,FAQ,52e2f9c36dd82a75,2025-06,20,2800,1500,2800
Gujarat,Vadodara (Baroda),Vadodara (Sayajipura),Tomato,Other,FAQ,52e2f9c36dd82a75,2025-07,27,3050,2100,3050
Gujarat,Vadodara (Baroda),Vadodara (Sayajipura),Tomato,Other,FAQ,52e2f9c36dd82a75,2025-08,26,3800,3500,4300
Gujarat,Vadodara (Baroda),Vadodara (Sayajipura),Tomato,Other,FAQ,52e2f9c36dd82a75,2025-09,27,1800,1450,1925
Gujarat,Vadodara (Baroda),Vadodara (Sayajipura),Tomato,Other,FAQ,52e2f9c36dd82a75,2025-10,18,1975,1500,2050
Gujarat,Vadodara (Baroda),Vadodara (Sayajipura),Tomato,Other,FAQ,52e2f9c36dd82a75,2025-11,1,2050,2050,2050
Gujarat,Vadodara (Baroda),Vadodara (Sayajipura) APMC,Onion,Onion,FAQ,556d4039f5f35f03,2025-12,3,1500,1350,1500
Gujarat,Vadodara (Baroda),Vadodara (Sayajipura) APMC,Potato,Other,FAQ,610151d09c83ccc4,2025-12,1,2800,2800,2800
Gujarat,Vadodara (Baroda),Vadodara (Sayajipura) APMC,Tomato,Other,FAQ,48199e8c8369472e,2025-12,4,2550,1987.5,3162.5
